/*
 Navicat Premium Data Transfer

 Source Server         : local-canghe
 Source Server Type    : MySQL
 Source Server Version : 80032 (8.0.32)
 Source Host           : localhost:3306
 Source Schema         : laigeoffer-pmhub

 Target Server Type    : MySQL
 Target Server Version : 80032 (8.0.32)
 File Encoding         : 65001

 Date: 05/03/2024 14:39:47
*/
CREATE DATABASE  `laigeoffer-pmhub` DEFAULT CHARACTER SET utf8mb4 COLLATE utf8mb4_general_ci;

SET NAMES utf8mb4;
SET FOREIGN_KEY_CHECKS = 0;

USE `laigeoffer-pmhub`;

-- ----------------------------
-- Table structure for ACT_EVT_LOG
-- ----------------------------
DROP TABLE IF EXISTS `ACT_EVT_LOG`;
CREATE TABLE `ACT_EVT_LOG`  (
                                `LOG_NR_` bigint NOT NULL AUTO_INCREMENT,
                                `TYPE_` varchar(64) CHARACTER SET utf8mb3 COLLATE utf8mb3_bin NULL DEFAULT NULL,
                                `PROC_DEF_ID_` varchar(64) CHARACTER SET utf8mb3 COLLATE utf8mb3_bin NULL DEFAULT NULL,
                                `PROC_INST_ID_` varchar(64) CHARACTER SET utf8mb3 COLLATE utf8mb3_bin NULL DEFAULT NULL,
                                `EXECUTION_ID_` varchar(64) CHARACTER SET utf8mb3 COLLATE utf8mb3_bin NULL DEFAULT NULL,
                                `TASK_ID_` varchar(64) CHARACTER SET utf8mb3 COLLATE utf8mb3_bin NULL DEFAULT NULL,
                                `TIME_STAMP_` timestamp(3) NOT NULL DEFAULT CURRENT_TIMESTAMP(3),
                                `USER_ID_` varchar(255) CHARACTER SET utf8mb3 COLLATE utf8mb3_bin NULL DEFAULT NULL,
                                `DATA_` longblob NULL,
                                `LOCK_OWNER_` varchar(255) CHARACTER SET utf8mb3 COLLATE utf8mb3_bin NULL DEFAULT NULL,
                                `LOCK_TIME_` timestamp(3) NULL DEFAULT NULL,
                                `IS_PROCESSED_` tinyint NULL DEFAULT 0,
                                PRIMARY KEY (`LOG_NR_`) USING BTREE
) ENGINE = InnoDB AUTO_INCREMENT = 2 CHARACTER SET = utf8mb3 COLLATE = utf8mb3_bin;

-- ----------------------------
-- Table structure for ACT_GE_BYTEARRAY
-- ----------------------------
DROP TABLE IF EXISTS `ACT_GE_BYTEARRAY`;
CREATE TABLE `ACT_GE_BYTEARRAY`  (
                                     `ID_` varchar(64) CHARACTER SET utf8mb3 COLLATE utf8mb3_bin NOT NULL,
                                     `REV_` int NULL DEFAULT NULL,
                                     `NAME_` varchar(255) CHARACTER SET utf8mb3 COLLATE utf8mb3_bin NULL DEFAULT NULL,
                                     `DEPLOYMENT_ID_` varchar(64) CHARACTER SET utf8mb3 COLLATE utf8mb3_bin NULL DEFAULT NULL,
                                     `BYTES_` longblob NULL,
                                     `GENERATED_` tinyint NULL DEFAULT NULL,
                                     PRIMARY KEY (`ID_`) USING BTREE,
                                     INDEX `ACT_FK_BYTEARR_DEPL`(`DEPLOYMENT_ID_` ASC) USING BTREE,
                                     CONSTRAINT `ACT_FK_BYTEARR_DEPL` FOREIGN KEY (`DEPLOYMENT_ID_`) REFERENCES `ACT_RE_DEPLOYMENT` (`ID_`) ON DELETE RESTRICT ON UPDATE RESTRICT
) ENGINE = InnoDB CHARACTER SET = utf8mb3 COLLATE = utf8mb3_bin;

-- ----------------------------
-- Table structure for ACT_GE_PROPERTY
-- ----------------------------
DROP TABLE IF EXISTS `ACT_GE_PROPERTY`;
CREATE TABLE `ACT_GE_PROPERTY`  (
                                    `NAME_` varchar(64) CHARACTER SET utf8mb3 COLLATE utf8mb3_bin NOT NULL,
                                    `VALUE_` varchar(300) CHARACTER SET utf8mb3 COLLATE utf8mb3_bin NULL DEFAULT NULL,
                                    `REV_` int NULL DEFAULT NULL,
                                    PRIMARY KEY (`NAME_`) USING BTREE
) ENGINE = InnoDB CHARACTER SET = utf8mb3 COLLATE = utf8mb3_bin;

-- ----------------------------
-- Records of ACT_GE_PROPERTY
-- ----------------------------
BEGIN;
INSERT INTO `ACT_GE_PROPERTY` (`NAME_`, `VALUE_`, `REV_`) VALUES ('batch.schema.version', '6.7.2.0', 1), ('cfg.execution-related-entities-count', 'true', 1), ('cfg.task-related-entities-count', 'true', 1), ('common.schema.version', '6.7.2.0', 1), ('entitylink.schema.version', '6.7.2.0', 1), ('eventsubscription.schema.version', '6.7.2.0', 1), ('identitylink.schema.version', '6.7.2.0', 1), ('job.schema.version', '6.7.2.0', 1), ('next.dbid', '1', 1), ('schema.history', 'create(6.7.2.0)', 1), ('schema.version', '6.7.2.0', 1), ('task.schema.version', '6.7.2.0', 1), ('variable.schema.version', '6.7.2.0', 1);
COMMIT;

-- ----------------------------
-- Table structure for ACT_HI_ACTINST
-- ----------------------------
DROP TABLE IF EXISTS `ACT_HI_ACTINST`;
CREATE TABLE `ACT_HI_ACTINST`  (
                                   `ID_` varchar(64) CHARACTER SET utf8mb3 COLLATE utf8mb3_bin NOT NULL,
                                   `REV_` int NULL DEFAULT 1,
                                   `PROC_DEF_ID_` varchar(64) CHARACTER SET utf8mb3 COLLATE utf8mb3_bin NOT NULL,
                                   `PROC_INST_ID_` varchar(64) CHARACTER SET utf8mb3 COLLATE utf8mb3_bin NOT NULL,
                                   `EXECUTION_ID_` varchar(64) CHARACTER SET utf8mb3 COLLATE utf8mb3_bin NOT NULL,
                                   `ACT_ID_` varchar(255) CHARACTER SET utf8mb3 COLLATE utf8mb3_bin NOT NULL,
                                   `TASK_ID_` varchar(64) CHARACTER SET utf8mb3 COLLATE utf8mb3_bin NULL DEFAULT NULL,
                                   `CALL_PROC_INST_ID_` varchar(64) CHARACTER SET utf8mb3 COLLATE utf8mb3_bin NULL DEFAULT NULL,
                                   `ACT_NAME_` varchar(255) CHARACTER SET utf8mb3 COLLATE utf8mb3_bin NULL DEFAULT NULL,
                                   `ACT_TYPE_` varchar(255) CHARACTER SET utf8mb3 COLLATE utf8mb3_bin NOT NULL,
                                   `ASSIGNEE_` varchar(255) CHARACTER SET utf8mb3 COLLATE utf8mb3_bin NULL DEFAULT NULL,
                                   `START_TIME_` datetime(3) NOT NULL,
                                   `END_TIME_` datetime(3) NULL DEFAULT NULL,
                                   `TRANSACTION_ORDER_` int NULL DEFAULT NULL,
                                   `DURATION_` bigint NULL DEFAULT NULL,
                                   `DELETE_REASON_` varchar(4000) CHARACTER SET utf8mb3 COLLATE utf8mb3_bin NULL DEFAULT NULL,
                                   `TENANT_ID_` varchar(255) CHARACTER SET utf8mb3 COLLATE utf8mb3_bin NULL DEFAULT '',
                                   PRIMARY KEY (`ID_`) USING BTREE,
                                   INDEX `ACT_IDX_HI_ACT_INST_START`(`START_TIME_` ASC) USING BTREE,
                                   INDEX `ACT_IDX_HI_ACT_INST_END`(`END_TIME_` ASC) USING BTREE,
                                   INDEX `ACT_IDX_HI_ACT_INST_PROCINST`(`PROC_INST_ID_` ASC, `ACT_ID_` ASC) USING BTREE,
                                   INDEX `ACT_IDX_HI_ACT_INST_EXEC`(`EXECUTION_ID_` ASC, `ACT_ID_` ASC) USING BTREE
) ENGINE = InnoDB CHARACTER SET = utf8mb3 COLLATE = utf8mb3_bin;

-- ----------------------------
-- Table structure for ACT_HI_ATTACHMENT
-- ----------------------------
DROP TABLE IF EXISTS `ACT_HI_ATTACHMENT`;
CREATE TABLE `ACT_HI_ATTACHMENT`  (
                                      `ID_` varchar(64) CHARACTER SET utf8mb3 COLLATE utf8mb3_bin NOT NULL,
                                      `REV_` int NULL DEFAULT NULL,
                                      `USER_ID_` varchar(255) CHARACTER SET utf8mb3 COLLATE utf8mb3_bin NULL DEFAULT NULL,
                                      `NAME_` varchar(255) CHARACTER SET utf8mb3 COLLATE utf8mb3_bin NULL DEFAULT NULL,
                                      `DESCRIPTION_` varchar(4000) CHARACTER SET utf8mb3 COLLATE utf8mb3_bin NULL DEFAULT NULL,
                                      `TYPE_` varchar(255) CHARACTER SET utf8mb3 COLLATE utf8mb3_bin NULL DEFAULT NULL,
                                      `TASK_ID_` varchar(64) CHARACTER SET utf8mb3 COLLATE utf8mb3_bin NULL DEFAULT NULL,
                                      `PROC_INST_ID_` varchar(64) CHARACTER SET utf8mb3 COLLATE utf8mb3_bin NULL DEFAULT NULL,
                                      `URL_` varchar(4000) CHARACTER SET utf8mb3 COLLATE utf8mb3_bin NULL DEFAULT NULL,
                                      `CONTENT_ID_` varchar(64) CHARACTER SET utf8mb3 COLLATE utf8mb3_bin NULL DEFAULT NULL,
                                      `TIME_` datetime(3) NULL DEFAULT NULL,
                                      PRIMARY KEY (`ID_`) USING BTREE
) ENGINE = InnoDB CHARACTER SET = utf8mb3 COLLATE = utf8mb3_bin;

-- ----------------------------
-- Table structure for ACT_HI_COMMENT
-- ----------------------------
DROP TABLE IF EXISTS `ACT_HI_COMMENT`;
CREATE TABLE `ACT_HI_COMMENT`  (
                                   `ID_` varchar(64) CHARACTER SET utf8mb3 COLLATE utf8mb3_bin NOT NULL,
                                   `TYPE_` varchar(255) CHARACTER SET utf8mb3 COLLATE utf8mb3_bin NULL DEFAULT NULL,
                                   `TIME_` datetime(3) NOT NULL,
                                   `USER_ID_` varchar(255) CHARACTER SET utf8mb3 COLLATE utf8mb3_bin NULL DEFAULT NULL,
                                   `TASK_ID_` varchar(64) CHARACTER SET utf8mb3 COLLATE utf8mb3_bin NULL DEFAULT NULL,
                                   `PROC_INST_ID_` varchar(64) CHARACTER SET utf8mb3 COLLATE utf8mb3_bin NULL DEFAULT NULL,
                                   `ACTION_` varchar(255) CHARACTER SET utf8mb3 COLLATE utf8mb3_bin NULL DEFAULT NULL,
                                   `MESSAGE_` varchar(4000) CHARACTER SET utf8mb3 COLLATE utf8mb3_bin NULL DEFAULT NULL,
                                   `FULL_MSG_` longblob NULL,
                                   PRIMARY KEY (`ID_`) USING BTREE
) ENGINE = InnoDB CHARACTER SET = utf8mb3 COLLATE = utf8mb3_bin;

-- ----------------------------
-- Table structure for ACT_HI_DETAIL
-- ----------------------------
DROP TABLE IF EXISTS `ACT_HI_DETAIL`;
CREATE TABLE `ACT_HI_DETAIL`  (
                                  `ID_` varchar(64) CHARACTER SET utf8mb3 COLLATE utf8mb3_bin NOT NULL,
                                  `TYPE_` varchar(255) CHARACTER SET utf8mb3 COLLATE utf8mb3_bin NOT NULL,
                                  `PROC_INST_ID_` varchar(64) CHARACTER SET utf8mb3 COLLATE utf8mb3_bin NULL DEFAULT NULL,
                                  `EXECUTION_ID_` varchar(64) CHARACTER SET utf8mb3 COLLATE utf8mb3_bin NULL DEFAULT NULL,
                                  `TASK_ID_` varchar(64) CHARACTER SET utf8mb3 COLLATE utf8mb3_bin NULL DEFAULT NULL,
                                  `ACT_INST_ID_` varchar(64) CHARACTER SET utf8mb3 COLLATE utf8mb3_bin NULL DEFAULT NULL,
                                  `NAME_` varchar(255) CHARACTER SET utf8mb3 COLLATE utf8mb3_bin NOT NULL,
                                  `VAR_TYPE_` varchar(255) CHARACTER SET utf8mb3 COLLATE utf8mb3_bin NULL DEFAULT NULL,
                                  `REV_` int NULL DEFAULT NULL,
                                  `TIME_` datetime(3) NOT NULL,
                                  `BYTEARRAY_ID_` varchar(64) CHARACTER SET utf8mb3 COLLATE utf8mb3_bin NULL DEFAULT NULL,
                                  `DOUBLE_` double NULL DEFAULT NULL,
                                  `LONG_` bigint NULL DEFAULT NULL,
                                  `TEXT_` varchar(4000) CHARACTER SET utf8mb3 COLLATE utf8mb3_bin NULL DEFAULT NULL,
                                  `TEXT2_` varchar(4000) CHARACTER SET utf8mb3 COLLATE utf8mb3_bin NULL DEFAULT NULL,
                                  PRIMARY KEY (`ID_`) USING BTREE,
                                  INDEX `ACT_IDX_HI_DETAIL_PROC_INST`(`PROC_INST_ID_` ASC) USING BTREE,
                                  INDEX `ACT_IDX_HI_DETAIL_ACT_INST`(`ACT_INST_ID_` ASC) USING BTREE,
                                  INDEX `ACT_IDX_HI_DETAIL_TIME`(`TIME_` ASC) USING BTREE,
                                  INDEX `ACT_IDX_HI_DETAIL_NAME`(`NAME_` ASC) USING BTREE,
                                  INDEX `ACT_IDX_HI_DETAIL_TASK_ID`(`TASK_ID_` ASC) USING BTREE
) ENGINE = InnoDB CHARACTER SET = utf8mb3 COLLATE = utf8mb3_bin;

-- ----------------------------
-- Table structure for ACT_HI_ENTITYLINK
-- ----------------------------
DROP TABLE IF EXISTS `ACT_HI_ENTITYLINK`;
CREATE TABLE `ACT_HI_ENTITYLINK`  (
                                      `ID_` varchar(64) CHARACTER SET utf8mb3 COLLATE utf8mb3_bin NOT NULL,
                                      `LINK_TYPE_` varchar(255) CHARACTER SET utf8mb3 COLLATE utf8mb3_bin NULL DEFAULT NULL,
                                      `CREATE_TIME_` datetime(3) NULL DEFAULT NULL,
                                      `SCOPE_ID_` varchar(255) CHARACTER SET utf8mb3 COLLATE utf8mb3_bin NULL DEFAULT NULL,
                                      `SUB_SCOPE_ID_` varchar(255) CHARACTER SET utf8mb3 COLLATE utf8mb3_bin NULL DEFAULT NULL,
                                      `SCOPE_TYPE_` varchar(255) CHARACTER SET utf8mb3 COLLATE utf8mb3_bin NULL DEFAULT NULL,
                                      `SCOPE_DEFINITION_ID_` varchar(255) CHARACTER SET utf8mb3 COLLATE utf8mb3_bin NULL DEFAULT NULL,
                                      `PARENT_ELEMENT_ID_` varchar(255) CHARACTER SET utf8mb3 COLLATE utf8mb3_bin NULL DEFAULT NULL,
                                      `REF_SCOPE_ID_` varchar(255) CHARACTER SET utf8mb3 COLLATE utf8mb3_bin NULL DEFAULT NULL,
                                      `REF_SCOPE_TYPE_` varchar(255) CHARACTER SET utf8mb3 COLLATE utf8mb3_bin NULL DEFAULT NULL,
                                      `REF_SCOPE_DEFINITION_ID_` varchar(255) CHARACTER SET utf8mb3 COLLATE utf8mb3_bin NULL DEFAULT NULL,
                                      `ROOT_SCOPE_ID_` varchar(255) CHARACTER SET utf8mb3 COLLATE utf8mb3_bin NULL DEFAULT NULL,
                                      `ROOT_SCOPE_TYPE_` varchar(255) CHARACTER SET utf8mb3 COLLATE utf8mb3_bin NULL DEFAULT NULL,
                                      `HIERARCHY_TYPE_` varchar(255) CHARACTER SET utf8mb3 COLLATE utf8mb3_bin NULL DEFAULT NULL,
                                      PRIMARY KEY (`ID_`) USING BTREE,
                                      INDEX `ACT_IDX_HI_ENT_LNK_SCOPE`(`SCOPE_ID_` ASC, `SCOPE_TYPE_` ASC, `LINK_TYPE_` ASC) USING BTREE,
                                      INDEX `ACT_IDX_HI_ENT_LNK_REF_SCOPE`(`REF_SCOPE_ID_` ASC, `REF_SCOPE_TYPE_` ASC, `LINK_TYPE_` ASC) USING BTREE,
                                      INDEX `ACT_IDX_HI_ENT_LNK_ROOT_SCOPE`(`ROOT_SCOPE_ID_` ASC, `ROOT_SCOPE_TYPE_` ASC, `LINK_TYPE_` ASC) USING BTREE,
                                      INDEX `ACT_IDX_HI_ENT_LNK_SCOPE_DEF`(`SCOPE_DEFINITION_ID_` ASC, `SCOPE_TYPE_` ASC, `LINK_TYPE_` ASC) USING BTREE
) ENGINE = InnoDB CHARACTER SET = utf8mb3 COLLATE = utf8mb3_bin;

-- ----------------------------
-- Table structure for ACT_HI_IDENTITYLINK
-- ----------------------------
DROP TABLE IF EXISTS `ACT_HI_IDENTITYLINK`;
CREATE TABLE `ACT_HI_IDENTITYLINK`  (
                                        `ID_` varchar(64) CHARACTER SET utf8mb3 COLLATE utf8mb3_bin NOT NULL,
                                        `GROUP_ID_` varchar(255) CHARACTER SET utf8mb3 COLLATE utf8mb3_bin NULL DEFAULT NULL,
                                        `TYPE_` varchar(255) CHARACTER SET utf8mb3 COLLATE utf8mb3_bin NULL DEFAULT NULL,
                                        `USER_ID_` varchar(255) CHARACTER SET utf8mb3 COLLATE utf8mb3_bin NULL DEFAULT NULL,
                                        `TASK_ID_` varchar(64) CHARACTER SET utf8mb3 COLLATE utf8mb3_bin NULL DEFAULT NULL,
                                        `CREATE_TIME_` datetime(3) NULL DEFAULT NULL,
                                        `PROC_INST_ID_` varchar(64) CHARACTER SET utf8mb3 COLLATE utf8mb3_bin NULL DEFAULT NULL,
                                        `SCOPE_ID_` varchar(255) CHARACTER SET utf8mb3 COLLATE utf8mb3_bin NULL DEFAULT NULL,
                                        `SUB_SCOPE_ID_` varchar(255) CHARACTER SET utf8mb3 COLLATE utf8mb3_bin NULL DEFAULT NULL,
                                        `SCOPE_TYPE_` varchar(255) CHARACTER SET utf8mb3 COLLATE utf8mb3_bin NULL DEFAULT NULL,
                                        `SCOPE_DEFINITION_ID_` varchar(255) CHARACTER SET utf8mb3 COLLATE utf8mb3_bin NULL DEFAULT NULL,
                                        PRIMARY KEY (`ID_`) USING BTREE,
                                        INDEX `ACT_IDX_HI_IDENT_LNK_USER`(`USER_ID_` ASC) USING BTREE,
                                        INDEX `ACT_IDX_HI_IDENT_LNK_SCOPE`(`SCOPE_ID_` ASC, `SCOPE_TYPE_` ASC) USING BTREE,
                                        INDEX `ACT_IDX_HI_IDENT_LNK_SUB_SCOPE`(`SUB_SCOPE_ID_` ASC, `SCOPE_TYPE_` ASC) USING BTREE,
                                        INDEX `ACT_IDX_HI_IDENT_LNK_SCOPE_DEF`(`SCOPE_DEFINITION_ID_` ASC, `SCOPE_TYPE_` ASC) USING BTREE,
                                        INDEX `ACT_IDX_HI_IDENT_LNK_TASK`(`TASK_ID_` ASC) USING BTREE,
                                        INDEX `ACT_IDX_HI_IDENT_LNK_PROCINST`(`PROC_INST_ID_` ASC) USING BTREE
) ENGINE = InnoDB CHARACTER SET = utf8mb3 COLLATE = utf8mb3_bin;

-- ----------------------------
-- Table structure for ACT_HI_PROCINST
-- ----------------------------
DROP TABLE IF EXISTS `ACT_HI_PROCINST`;
CREATE TABLE `ACT_HI_PROCINST`  (
                                    `ID_` varchar(64) CHARACTER SET utf8mb3 COLLATE utf8mb3_bin NOT NULL,
                                    `REV_` int NULL DEFAULT 1,
                                    `PROC_INST_ID_` varchar(64) CHARACTER SET utf8mb3 COLLATE utf8mb3_bin NOT NULL,
                                    `BUSINESS_KEY_` varchar(255) CHARACTER SET utf8mb3 COLLATE utf8mb3_bin NULL DEFAULT NULL,
                                    `PROC_DEF_ID_` varchar(64) CHARACTER SET utf8mb3 COLLATE utf8mb3_bin NOT NULL,
                                    `START_TIME_` datetime(3) NOT NULL,
                                    `END_TIME_` datetime(3) NULL DEFAULT NULL,
                                    `DURATION_` bigint NULL DEFAULT NULL,
                                    `START_USER_ID_` varchar(255) CHARACTER SET utf8mb3 COLLATE utf8mb3_bin NULL DEFAULT NULL,
                                    `START_ACT_ID_` varchar(255) CHARACTER SET utf8mb3 COLLATE utf8mb3_bin NULL DEFAULT NULL,
                                    `END_ACT_ID_` varchar(255) CHARACTER SET utf8mb3 COLLATE utf8mb3_bin NULL DEFAULT NULL,
                                    `SUPER_PROCESS_INSTANCE_ID_` varchar(64) CHARACTER SET utf8mb3 COLLATE utf8mb3_bin NULL DEFAULT NULL,
                                    `DELETE_REASON_` varchar(4000) CHARACTER SET utf8mb3 COLLATE utf8mb3_bin NULL DEFAULT NULL,
                                    `TENANT_ID_` varchar(255) CHARACTER SET utf8mb3 COLLATE utf8mb3_bin NULL DEFAULT '',
                                    `NAME_` varchar(255) CHARACTER SET utf8mb3 COLLATE utf8mb3_bin NULL DEFAULT NULL,
                                    `CALLBACK_ID_` varchar(255) CHARACTER SET utf8mb3 COLLATE utf8mb3_bin NULL DEFAULT NULL,
                                    `CALLBACK_TYPE_` varchar(255) CHARACTER SET utf8mb3 COLLATE utf8mb3_bin NULL DEFAULT NULL,
                                    `REFERENCE_ID_` varchar(255) CHARACTER SET utf8mb3 COLLATE utf8mb3_bin NULL DEFAULT NULL,
                                    `REFERENCE_TYPE_` varchar(255) CHARACTER SET utf8mb3 COLLATE utf8mb3_bin NULL DEFAULT NULL,
                                    `PROPAGATED_STAGE_INST_ID_` varchar(255) CHARACTER SET utf8mb3 COLLATE utf8mb3_bin NULL DEFAULT NULL,
                                    `BUSINESS_STATUS_` varchar(255) CHARACTER SET utf8mb3 COLLATE utf8mb3_bin NULL DEFAULT NULL,
                                    PRIMARY KEY (`ID_`) USING BTREE,
                                    UNIQUE INDEX `PROC_INST_ID_`(`PROC_INST_ID_` ASC) USING BTREE,
                                    INDEX `ACT_IDX_HI_PRO_INST_END`(`END_TIME_` ASC) USING BTREE,
                                    INDEX `ACT_IDX_HI_PRO_I_BUSKEY`(`BUSINESS_KEY_` ASC) USING BTREE
) ENGINE = InnoDB CHARACTER SET = utf8mb3 COLLATE = utf8mb3_bin;

-- ----------------------------
-- Table structure for ACT_HI_TASKINST
-- ----------------------------
DROP TABLE IF EXISTS `ACT_HI_TASKINST`;
CREATE TABLE `ACT_HI_TASKINST`  (
                                    `ID_` varchar(64) CHARACTER SET utf8mb3 COLLATE utf8mb3_bin NOT NULL,
                                    `REV_` int NULL DEFAULT 1,
                                    `PROC_DEF_ID_` varchar(64) CHARACTER SET utf8mb3 COLLATE utf8mb3_bin NULL DEFAULT NULL,
                                    `TASK_DEF_ID_` varchar(64) CHARACTER SET utf8mb3 COLLATE utf8mb3_bin NULL DEFAULT NULL,
                                    `TASK_DEF_KEY_` varchar(255) CHARACTER SET utf8mb3 COLLATE utf8mb3_bin NULL DEFAULT NULL,
                                    `PROC_INST_ID_` varchar(64) CHARACTER SET utf8mb3 COLLATE utf8mb3_bin NULL DEFAULT NULL,
                                    `EXECUTION_ID_` varchar(64) CHARACTER SET utf8mb3 COLLATE utf8mb3_bin NULL DEFAULT NULL,
                                    `SCOPE_ID_` varchar(255) CHARACTER SET utf8mb3 COLLATE utf8mb3_bin NULL DEFAULT NULL,
                                    `SUB_SCOPE_ID_` varchar(255) CHARACTER SET utf8mb3 COLLATE utf8mb3_bin NULL DEFAULT NULL,
                                    `SCOPE_TYPE_` varchar(255) CHARACTER SET utf8mb3 COLLATE utf8mb3_bin NULL DEFAULT NULL,
                                    `SCOPE_DEFINITION_ID_` varchar(255) CHARACTER SET utf8mb3 COLLATE utf8mb3_bin NULL DEFAULT NULL,
                                    `PROPAGATED_STAGE_INST_ID_` varchar(255) CHARACTER SET utf8mb3 COLLATE utf8mb3_bin NULL DEFAULT NULL,
                                    `NAME_` varchar(255) CHARACTER SET utf8mb3 COLLATE utf8mb3_bin NULL DEFAULT NULL,
                                    `PARENT_TASK_ID_` varchar(64) CHARACTER SET utf8mb3 COLLATE utf8mb3_bin NULL DEFAULT NULL,
                                    `DESCRIPTION_` varchar(4000) CHARACTER SET utf8mb3 COLLATE utf8mb3_bin NULL DEFAULT NULL,
                                    `OWNER_` varchar(255) CHARACTER SET utf8mb3 COLLATE utf8mb3_bin NULL DEFAULT NULL,
                                    `ASSIGNEE_` varchar(255) CHARACTER SET utf8mb3 COLLATE utf8mb3_bin NULL DEFAULT NULL,
                                    `START_TIME_` datetime(3) NOT NULL,
                                    `CLAIM_TIME_` datetime(3) NULL DEFAULT NULL,
                                    `END_TIME_` datetime(3) NULL DEFAULT NULL,
                                    `DURATION_` bigint NULL DEFAULT NULL,
                                    `DELETE_REASON_` varchar(4000) CHARACTER SET utf8mb3 COLLATE utf8mb3_bin NULL DEFAULT NULL,
                                    `PRIORITY_` int NULL DEFAULT NULL,
                                    `DUE_DATE_` datetime(3) NULL DEFAULT NULL,
                                    `FORM_KEY_` varchar(255) CHARACTER SET utf8mb3 COLLATE utf8mb3_bin NULL DEFAULT NULL,
                                    `CATEGORY_` varchar(255) CHARACTER SET utf8mb3 COLLATE utf8mb3_bin NULL DEFAULT NULL,
                                    `TENANT_ID_` varchar(255) CHARACTER SET utf8mb3 COLLATE utf8mb3_bin NULL DEFAULT '',
                                    `LAST_UPDATED_TIME_` datetime(3) NULL DEFAULT NULL,
                                    PRIMARY KEY (`ID_`) USING BTREE,
                                    INDEX `ACT_IDX_HI_TASK_SCOPE`(`SCOPE_ID_` ASC, `SCOPE_TYPE_` ASC) USING BTREE,
                                    INDEX `ACT_IDX_HI_TASK_SUB_SCOPE`(`SUB_SCOPE_ID_` ASC, `SCOPE_TYPE_` ASC) USING BTREE,
                                    INDEX `ACT_IDX_HI_TASK_SCOPE_DEF`(`SCOPE_DEFINITION_ID_` ASC, `SCOPE_TYPE_` ASC) USING BTREE,
                                    INDEX `ACT_IDX_HI_TASK_INST_PROCINST`(`PROC_INST_ID_` ASC) USING BTREE
) ENGINE = InnoDB CHARACTER SET = utf8mb3 COLLATE = utf8mb3_bin;

-- ----------------------------
-- Table structure for ACT_HI_TSK_LOG
-- ----------------------------
DROP TABLE IF EXISTS `ACT_HI_TSK_LOG`;
CREATE TABLE `ACT_HI_TSK_LOG`  (
                                   `ID_` bigint NOT NULL AUTO_INCREMENT,
                                   `TYPE_` varchar(64) CHARACTER SET utf8mb3 COLLATE utf8mb3_bin NULL DEFAULT NULL,
                                   `TASK_ID_` varchar(64) CHARACTER SET utf8mb3 COLLATE utf8mb3_bin NOT NULL,
                                   `TIME_STAMP_` timestamp(3) NOT NULL DEFAULT CURRENT_TIMESTAMP(3) ON UPDATE CURRENT_TIMESTAMP(3),
                                   `USER_ID_` varchar(255) CHARACTER SET utf8mb3 COLLATE utf8mb3_bin NULL DEFAULT NULL,
                                   `DATA_` varchar(4000) CHARACTER SET utf8mb3 COLLATE utf8mb3_bin NULL DEFAULT NULL,
                                   `EXECUTION_ID_` varchar(64) CHARACTER SET utf8mb3 COLLATE utf8mb3_bin NULL DEFAULT NULL,
                                   `PROC_INST_ID_` varchar(64) CHARACTER SET utf8mb3 COLLATE utf8mb3_bin NULL DEFAULT NULL,
                                   `PROC_DEF_ID_` varchar(64) CHARACTER SET utf8mb3 COLLATE utf8mb3_bin NULL DEFAULT NULL,
                                   `SCOPE_ID_` varchar(255) CHARACTER SET utf8mb3 COLLATE utf8mb3_bin NULL DEFAULT NULL,
                                   `SCOPE_DEFINITION_ID_` varchar(255) CHARACTER SET utf8mb3 COLLATE utf8mb3_bin NULL DEFAULT NULL,
                                   `SUB_SCOPE_ID_` varchar(255) CHARACTER SET utf8mb3 COLLATE utf8mb3_bin NULL DEFAULT NULL,
                                   `SCOPE_TYPE_` varchar(255) CHARACTER SET utf8mb3 COLLATE utf8mb3_bin NULL DEFAULT NULL,
                                   `TENANT_ID_` varchar(255) CHARACTER SET utf8mb3 COLLATE utf8mb3_bin NULL DEFAULT '',
                                   PRIMARY KEY (`ID_`) USING BTREE
) ENGINE = InnoDB AUTO_INCREMENT = 1 CHARACTER SET = utf8mb3 COLLATE = utf8mb3_bin;

-- ----------------------------
-- Table structure for ACT_HI_VARINST
-- ----------------------------
DROP TABLE IF EXISTS `ACT_HI_VARINST`;
CREATE TABLE `ACT_HI_VARINST`  (
                                   `ID_` varchar(64) CHARACTER SET utf8mb3 COLLATE utf8mb3_bin NOT NULL,
                                   `REV_` int NULL DEFAULT 1,
                                   `PROC_INST_ID_` varchar(64) CHARACTER SET utf8mb3 COLLATE utf8mb3_bin NULL DEFAULT NULL,
                                   `EXECUTION_ID_` varchar(64) CHARACTER SET utf8mb3 COLLATE utf8mb3_bin NULL DEFAULT NULL,
                                   `TASK_ID_` varchar(64) CHARACTER SET utf8mb3 COLLATE utf8mb3_bin NULL DEFAULT NULL,
                                   `NAME_` varchar(255) CHARACTER SET utf8mb3 COLLATE utf8mb3_bin NOT NULL,
                                   `VAR_TYPE_` varchar(100) CHARACTER SET utf8mb3 COLLATE utf8mb3_bin NULL DEFAULT NULL,
                                   `SCOPE_ID_` varchar(255) CHARACTER SET utf8mb3 COLLATE utf8mb3_bin NULL DEFAULT NULL,
                                   `SUB_SCOPE_ID_` varchar(255) CHARACTER SET utf8mb3 COLLATE utf8mb3_bin NULL DEFAULT NULL,
                                   `SCOPE_TYPE_` varchar(255) CHARACTER SET utf8mb3 COLLATE utf8mb3_bin NULL DEFAULT NULL,
                                   `BYTEARRAY_ID_` varchar(64) CHARACTER SET utf8mb3 COLLATE utf8mb3_bin NULL DEFAULT NULL,
                                   `DOUBLE_` double NULL DEFAULT NULL,
                                   `LONG_` bigint NULL DEFAULT NULL,
                                   `TEXT_` varchar(4000) CHARACTER SET utf8mb3 COLLATE utf8mb3_bin NULL DEFAULT NULL,
                                   `TEXT2_` varchar(4000) CHARACTER SET utf8mb3 COLLATE utf8mb3_bin NULL DEFAULT NULL,
                                   `CREATE_TIME_` datetime(3) NULL DEFAULT NULL,
                                   `LAST_UPDATED_TIME_` datetime(3) NULL DEFAULT NULL,
                                   PRIMARY KEY (`ID_`) USING BTREE,
                                   INDEX `ACT_IDX_HI_PROCVAR_NAME_TYPE`(`NAME_` ASC, `VAR_TYPE_` ASC) USING BTREE,
                                   INDEX `ACT_IDX_HI_VAR_SCOPE_ID_TYPE`(`SCOPE_ID_` ASC, `SCOPE_TYPE_` ASC) USING BTREE,
                                   INDEX `ACT_IDX_HI_VAR_SUB_ID_TYPE`(`SUB_SCOPE_ID_` ASC, `SCOPE_TYPE_` ASC) USING BTREE,
                                   INDEX `ACT_IDX_HI_PROCVAR_PROC_INST`(`PROC_INST_ID_` ASC) USING BTREE,
                                   INDEX `ACT_IDX_HI_PROCVAR_TASK_ID`(`TASK_ID_` ASC) USING BTREE,
                                   INDEX `ACT_IDX_HI_PROCVAR_EXE`(`EXECUTION_ID_` ASC) USING BTREE
) ENGINE = InnoDB CHARACTER SET = utf8mb3 COLLATE = utf8mb3_bin;

-- ----------------------------
-- Table structure for ACT_ID_BYTEARRAY
-- ----------------------------
DROP TABLE IF EXISTS `ACT_ID_BYTEARRAY`;
CREATE TABLE `ACT_ID_BYTEARRAY`  (
                                     `ID_` varchar(64) CHARACTER SET utf8mb3 COLLATE utf8mb3_bin NOT NULL,
                                     `REV_` int NULL DEFAULT NULL,
                                     `NAME_` varchar(255) CHARACTER SET utf8mb3 COLLATE utf8mb3_bin NULL DEFAULT NULL,
                                     `BYTES_` longblob NULL,
                                     PRIMARY KEY (`ID_`) USING BTREE
) ENGINE = InnoDB CHARACTER SET = utf8mb3 COLLATE = utf8mb3_bin;

-- ----------------------------
-- Table structure for ACT_ID_PRIV
-- ----------------------------
DROP TABLE IF EXISTS `ACT_ID_PRIV`;
CREATE TABLE `ACT_ID_PRIV`  (
                                `ID_` varchar(64) CHARACTER SET utf8mb3 COLLATE utf8mb3_bin NOT NULL,
                                `NAME_` varchar(255) CHARACTER SET utf8mb3 COLLATE utf8mb3_bin NOT NULL,
                                PRIMARY KEY (`ID_`) USING BTREE,
                                UNIQUE INDEX `ACT_UNIQ_PRIV_NAME`(`NAME_` ASC) USING BTREE
) ENGINE = InnoDB CHARACTER SET = utf8mb3 COLLATE = utf8mb3_bin;

-- ----------------------------
-- Table structure for ACT_ID_PRIV_MAPPING
-- ----------------------------
DROP TABLE IF EXISTS `ACT_ID_PRIV_MAPPING`;
CREATE TABLE `ACT_ID_PRIV_MAPPING`  (
                                        `ID_` varchar(64) CHARACTER SET utf8mb3 COLLATE utf8mb3_bin NOT NULL,
                                        `PRIV_ID_` varchar(64) CHARACTER SET utf8mb3 COLLATE utf8mb3_bin NOT NULL,
                                        `USER_ID_` varchar(255) CHARACTER SET utf8mb3 COLLATE utf8mb3_bin NULL DEFAULT NULL,
                                        `GROUP_ID_` varchar(255) CHARACTER SET utf8mb3 COLLATE utf8mb3_bin NULL DEFAULT NULL,
                                        PRIMARY KEY (`ID_`) USING BTREE,
                                        INDEX `ACT_FK_PRIV_MAPPING`(`PRIV_ID_` ASC) USING BTREE,
                                        INDEX `ACT_IDX_PRIV_USER`(`USER_ID_` ASC) USING BTREE,
                                        INDEX `ACT_IDX_PRIV_GROUP`(`GROUP_ID_` ASC) USING BTREE,
                                        CONSTRAINT `ACT_FK_PRIV_MAPPING` FOREIGN KEY (`PRIV_ID_`) REFERENCES `ACT_ID_PRIV` (`ID_`) ON DELETE RESTRICT ON UPDATE RESTRICT
) ENGINE = InnoDB CHARACTER SET = utf8mb3 COLLATE = utf8mb3_bin;

-- ----------------------------
-- Table structure for ACT_ID_PROPERTY
-- ----------------------------
DROP TABLE IF EXISTS `ACT_ID_PROPERTY`;
CREATE TABLE `ACT_ID_PROPERTY`  (
                                    `NAME_` varchar(64) CHARACTER SET utf8mb3 COLLATE utf8mb3_bin NOT NULL,
                                    `VALUE_` varchar(300) CHARACTER SET utf8mb3 COLLATE utf8mb3_bin NULL DEFAULT NULL,
                                    `REV_` int NULL DEFAULT NULL,
                                    PRIMARY KEY (`NAME_`) USING BTREE
) ENGINE = InnoDB CHARACTER SET = utf8mb3 COLLATE = utf8mb3_bin;

-- ----------------------------
-- Records of ACT_ID_PROPERTY
-- ----------------------------
BEGIN;
INSERT INTO `ACT_ID_PROPERTY` (`NAME_`, `VALUE_`, `REV_`) VALUES ('schema.version', '6.7.2.0', 1);
COMMIT;

-- ----------------------------
-- Table structure for ACT_ID_TOKEN
-- ----------------------------
DROP TABLE IF EXISTS `ACT_ID_TOKEN`;
CREATE TABLE `ACT_ID_TOKEN`  (
                                 `ID_` varchar(64) CHARACTER SET utf8mb3 COLLATE utf8mb3_bin NOT NULL,
                                 `REV_` int NULL DEFAULT NULL,
                                 `TOKEN_VALUE_` varchar(255) CHARACTER SET utf8mb3 COLLATE utf8mb3_bin NULL DEFAULT NULL,
                                 `TOKEN_DATE_` timestamp(3) NULL DEFAULT NULL,
                                 `IP_ADDRESS_` varchar(255) CHARACTER SET utf8mb3 COLLATE utf8mb3_bin NULL DEFAULT NULL,
                                 `USER_AGENT_` varchar(255) CHARACTER SET utf8mb3 COLLATE utf8mb3_bin NULL DEFAULT NULL,
                                 `USER_ID_` varchar(255) CHARACTER SET utf8mb3 COLLATE utf8mb3_bin NULL DEFAULT NULL,
                                 `TOKEN_DATA_` varchar(2000) CHARACTER SET utf8mb3 COLLATE utf8mb3_bin NULL DEFAULT NULL,
                                 PRIMARY KEY (`ID_`) USING BTREE
) ENGINE = InnoDB CHARACTER SET = utf8mb3 COLLATE = utf8mb3_bin;

-- ----------------------------
-- Table structure for ACT_PROCDEF_INFO
-- ----------------------------
DROP TABLE IF EXISTS `ACT_PROCDEF_INFO`;
CREATE TABLE `ACT_PROCDEF_INFO`  (
                                     `ID_` varchar(64) CHARACTER SET utf8mb3 COLLATE utf8mb3_bin NOT NULL,
                                     `PROC_DEF_ID_` varchar(64) CHARACTER SET utf8mb3 COLLATE utf8mb3_bin NOT NULL,
                                     `REV_` int NULL DEFAULT NULL,
                                     `INFO_JSON_ID_` varchar(64) CHARACTER SET utf8mb3 COLLATE utf8mb3_bin NULL DEFAULT NULL,
                                     PRIMARY KEY (`ID_`) USING BTREE,
                                     UNIQUE INDEX `ACT_UNIQ_INFO_PROCDEF`(`PROC_DEF_ID_` ASC) USING BTREE,
                                     INDEX `ACT_IDX_INFO_PROCDEF`(`PROC_DEF_ID_` ASC) USING BTREE,
                                     INDEX `ACT_FK_INFO_JSON_BA`(`INFO_JSON_ID_` ASC) USING BTREE,
                                     CONSTRAINT `ACT_FK_INFO_JSON_BA` FOREIGN KEY (`INFO_JSON_ID_`) REFERENCES `ACT_GE_BYTEARRAY` (`ID_`) ON DELETE RESTRICT ON UPDATE RESTRICT,
                                     CONSTRAINT `ACT_FK_INFO_PROCDEF` FOREIGN KEY (`PROC_DEF_ID_`) REFERENCES `ACT_RE_PROCDEF` (`ID_`) ON DELETE RESTRICT ON UPDATE RESTRICT
) ENGINE = InnoDB CHARACTER SET = utf8mb3 COLLATE = utf8mb3_bin;

-- ----------------------------
-- Table structure for ACT_RE_DEPLOYMENT
-- ----------------------------
DROP TABLE IF EXISTS `ACT_RE_DEPLOYMENT`;
CREATE TABLE `ACT_RE_DEPLOYMENT`  (
                                      `ID_` varchar(64) CHARACTER SET utf8mb3 COLLATE utf8mb3_bin NOT NULL,
                                      `NAME_` varchar(255) CHARACTER SET utf8mb3 COLLATE utf8mb3_bin NULL DEFAULT NULL,
                                      `CATEGORY_` varchar(255) CHARACTER SET utf8mb3 COLLATE utf8mb3_bin NULL DEFAULT NULL,
                                      `KEY_` varchar(255) CHARACTER SET utf8mb3 COLLATE utf8mb3_bin NULL DEFAULT NULL,
                                      `TENANT_ID_` varchar(255) CHARACTER SET utf8mb3 COLLATE utf8mb3_bin NULL DEFAULT '',
                                      `DEPLOY_TIME_` timestamp(3) NULL DEFAULT NULL,
                                      `DERIVED_FROM_` varchar(64) CHARACTER SET utf8mb3 COLLATE utf8mb3_bin NULL DEFAULT NULL,
                                      `DERIVED_FROM_ROOT_` varchar(64) CHARACTER SET utf8mb3 COLLATE utf8mb3_bin NULL DEFAULT NULL,
                                      `PARENT_DEPLOYMENT_ID_` varchar(255) CHARACTER SET utf8mb3 COLLATE utf8mb3_bin NULL DEFAULT NULL,
                                      `ENGINE_VERSION_` varchar(255) CHARACTER SET utf8mb3 COLLATE utf8mb3_bin NULL DEFAULT NULL,
                                      PRIMARY KEY (`ID_`) USING BTREE
) ENGINE = InnoDB CHARACTER SET = utf8mb3 COLLATE = utf8mb3_bin;

-- ----------------------------
-- Table structure for ACT_RE_MODEL
-- ----------------------------
DROP TABLE IF EXISTS `ACT_RE_MODEL`;
CREATE TABLE `ACT_RE_MODEL`  (
                                 `ID_` varchar(64) CHARACTER SET utf8mb3 COLLATE utf8mb3_bin NOT NULL,
                                 `REV_` int NULL DEFAULT NULL,
                                 `NAME_` varchar(255) CHARACTER SET utf8mb3 COLLATE utf8mb3_bin NULL DEFAULT NULL,
                                 `KEY_` varchar(255) CHARACTER SET utf8mb3 COLLATE utf8mb3_bin NULL DEFAULT NULL,
                                 `CATEGORY_` varchar(255) CHARACTER SET utf8mb3 COLLATE utf8mb3_bin NULL DEFAULT NULL,
                                 `CREATE_TIME_` timestamp(3) NULL DEFAULT NULL,
                                 `LAST_UPDATE_TIME_` timestamp(3) NULL DEFAULT NULL,
                                 `VERSION_` int NULL DEFAULT NULL,
                                 `META_INFO_` varchar(4000) CHARACTER SET utf8mb3 COLLATE utf8mb3_bin NULL DEFAULT NULL,
                                 `DEPLOYMENT_ID_` varchar(64) CHARACTER SET utf8mb3 COLLATE utf8mb3_bin NULL DEFAULT NULL,
                                 `EDITOR_SOURCE_VALUE_ID_` varchar(64) CHARACTER SET utf8mb3 COLLATE utf8mb3_bin NULL DEFAULT NULL,
                                 `EDITOR_SOURCE_EXTRA_VALUE_ID_` varchar(64) CHARACTER SET utf8mb3 COLLATE utf8mb3_bin NULL DEFAULT NULL,
                                 `TENANT_ID_` varchar(255) CHARACTER SET utf8mb3 COLLATE utf8mb3_bin NULL DEFAULT '',
                                 PRIMARY KEY (`ID_`) USING BTREE,
                                 INDEX `ACT_FK_MODEL_SOURCE`(`EDITOR_SOURCE_VALUE_ID_` ASC) USING BTREE,
                                 INDEX `ACT_FK_MODEL_SOURCE_EXTRA`(`EDITOR_SOURCE_EXTRA_VALUE_ID_` ASC) USING BTREE,
                                 INDEX `ACT_FK_MODEL_DEPLOYMENT`(`DEPLOYMENT_ID_` ASC) USING BTREE,
                                 CONSTRAINT `ACT_FK_MODEL_DEPLOYMENT` FOREIGN KEY (`DEPLOYMENT_ID_`) REFERENCES `ACT_RE_DEPLOYMENT` (`ID_`) ON DELETE RESTRICT ON UPDATE RESTRICT,
                                 CONSTRAINT `ACT_FK_MODEL_SOURCE` FOREIGN KEY (`EDITOR_SOURCE_VALUE_ID_`) REFERENCES `ACT_GE_BYTEARRAY` (`ID_`) ON DELETE RESTRICT ON UPDATE RESTRICT,
                                 CONSTRAINT `ACT_FK_MODEL_SOURCE_EXTRA` FOREIGN KEY (`EDITOR_SOURCE_EXTRA_VALUE_ID_`) REFERENCES `ACT_GE_BYTEARRAY` (`ID_`) ON DELETE RESTRICT ON UPDATE RESTRICT
) ENGINE = InnoDB CHARACTER SET = utf8mb3 COLLATE = utf8mb3_bin;

-- ----------------------------
-- Table structure for ACT_RE_PROCDEF
-- ----------------------------
DROP TABLE IF EXISTS `ACT_RE_PROCDEF`;
CREATE TABLE `ACT_RE_PROCDEF`  (
                                   `ID_` varchar(64) CHARACTER SET utf8mb3 COLLATE utf8mb3_bin NOT NULL,
                                   `REV_` int NULL DEFAULT NULL,
                                   `CATEGORY_` varchar(255) CHARACTER SET utf8mb3 COLLATE utf8mb3_bin NULL DEFAULT NULL,
                                   `NAME_` varchar(255) CHARACTER SET utf8mb3 COLLATE utf8mb3_bin NULL DEFAULT NULL,
                                   `KEY_` varchar(255) CHARACTER SET utf8mb3 COLLATE utf8mb3_bin NOT NULL,
                                   `VERSION_` int NOT NULL,
                                   `DEPLOYMENT_ID_` varchar(64) CHARACTER SET utf8mb3 COLLATE utf8mb3_bin NULL DEFAULT NULL,
                                   `RESOURCE_NAME_` varchar(4000) CHARACTER SET utf8mb3 COLLATE utf8mb3_bin NULL DEFAULT NULL,
                                   `DGRM_RESOURCE_NAME_` varchar(4000) CHARACTER SET utf8mb3 COLLATE utf8mb3_bin NULL DEFAULT NULL,
                                   `DESCRIPTION_` varchar(4000) CHARACTER SET utf8mb3 COLLATE utf8mb3_bin NULL DEFAULT NULL,
                                   `HAS_START_FORM_KEY_` tinyint NULL DEFAULT NULL,
                                   `HAS_GRAPHICAL_NOTATION_` tinyint NULL DEFAULT NULL,
                                   `SUSPENSION_STATE_` int NULL DEFAULT NULL,
                                   `TENANT_ID_` varchar(255) CHARACTER SET utf8mb3 COLLATE utf8mb3_bin NULL DEFAULT '',
                                   `ENGINE_VERSION_` varchar(255) CHARACTER SET utf8mb3 COLLATE utf8mb3_bin NULL DEFAULT NULL,
                                   `DERIVED_FROM_` varchar(64) CHARACTER SET utf8mb3 COLLATE utf8mb3_bin NULL DEFAULT NULL,
                                   `DERIVED_FROM_ROOT_` varchar(64) CHARACTER SET utf8mb3 COLLATE utf8mb3_bin NULL DEFAULT NULL,
                                   `DERIVED_VERSION_` int NOT NULL DEFAULT 0,
                                   PRIMARY KEY (`ID_`) USING BTREE,
                                   UNIQUE INDEX `ACT_UNIQ_PROCDEF`(`KEY_` ASC, `VERSION_` ASC, `DERIVED_VERSION_` ASC, `TENANT_ID_` ASC) USING BTREE
) ENGINE = InnoDB CHARACTER SET = utf8mb3 COLLATE = utf8mb3_bin;

-- ----------------------------
-- Table structure for ACT_RU_ACTINST
-- ----------------------------
DROP TABLE IF EXISTS `ACT_RU_ACTINST`;
CREATE TABLE `ACT_RU_ACTINST`  (
                                   `ID_` varchar(64) CHARACTER SET utf8mb3 COLLATE utf8mb3_bin NOT NULL,
                                   `REV_` int NULL DEFAULT 1,
                                   `PROC_DEF_ID_` varchar(64) CHARACTER SET utf8mb3 COLLATE utf8mb3_bin NOT NULL,
                                   `PROC_INST_ID_` varchar(64) CHARACTER SET utf8mb3 COLLATE utf8mb3_bin NOT NULL,
                                   `EXECUTION_ID_` varchar(64) CHARACTER SET utf8mb3 COLLATE utf8mb3_bin NOT NULL,
                                   `ACT_ID_` varchar(255) CHARACTER SET utf8mb3 COLLATE utf8mb3_bin NOT NULL,
                                   `TASK_ID_` varchar(64) CHARACTER SET utf8mb3 COLLATE utf8mb3_bin NULL DEFAULT NULL,
                                   `CALL_PROC_INST_ID_` varchar(64) CHARACTER SET utf8mb3 COLLATE utf8mb3_bin NULL DEFAULT NULL,
                                   `ACT_NAME_` varchar(255) CHARACTER SET utf8mb3 COLLATE utf8mb3_bin NULL DEFAULT NULL,
                                   `ACT_TYPE_` varchar(255) CHARACTER SET utf8mb3 COLLATE utf8mb3_bin NOT NULL,
                                   `ASSIGNEE_` varchar(255) CHARACTER SET utf8mb3 COLLATE utf8mb3_bin NULL DEFAULT NULL,
                                   `START_TIME_` datetime(3) NOT NULL,
                                   `END_TIME_` datetime(3) NULL DEFAULT NULL,
                                   `DURATION_` bigint NULL DEFAULT NULL,
                                   `TRANSACTION_ORDER_` int NULL DEFAULT NULL,
                                   `DELETE_REASON_` varchar(4000) CHARACTER SET utf8mb3 COLLATE utf8mb3_bin NULL DEFAULT NULL,
                                   `TENANT_ID_` varchar(255) CHARACTER SET utf8mb3 COLLATE utf8mb3_bin NULL DEFAULT '',
                                   PRIMARY KEY (`ID_`) USING BTREE,
                                   INDEX `ACT_IDX_RU_ACTI_START`(`START_TIME_` ASC) USING BTREE,
                                   INDEX `ACT_IDX_RU_ACTI_END`(`END_TIME_` ASC) USING BTREE,
                                   INDEX `ACT_IDX_RU_ACTI_PROC`(`PROC_INST_ID_` ASC) USING BTREE,
                                   INDEX `ACT_IDX_RU_ACTI_PROC_ACT`(`PROC_INST_ID_` ASC, `ACT_ID_` ASC) USING BTREE,
                                   INDEX `ACT_IDX_RU_ACTI_EXEC`(`EXECUTION_ID_` ASC) USING BTREE,
                                   INDEX `ACT_IDX_RU_ACTI_EXEC_ACT`(`EXECUTION_ID_` ASC, `ACT_ID_` ASC) USING BTREE,
                                   INDEX `ACT_IDX_RU_ACTI_TASK`(`TASK_ID_` ASC) USING BTREE
) ENGINE = InnoDB CHARACTER SET = utf8mb3 COLLATE = utf8mb3_bin;

-- ----------------------------
-- Table structure for ACT_RU_DEADLETTER_JOB
-- ----------------------------
DROP TABLE IF EXISTS `ACT_RU_DEADLETTER_JOB`;
CREATE TABLE `ACT_RU_DEADLETTER_JOB`  (
                                          `ID_` varchar(64) CHARACTER SET utf8mb3 COLLATE utf8mb3_bin NOT NULL,
                                          `REV_` int NULL DEFAULT NULL,
                                          `CATEGORY_` varchar(255) CHARACTER SET utf8mb3 COLLATE utf8mb3_bin NULL DEFAULT NULL,
                                          `TYPE_` varchar(255) CHARACTER SET utf8mb3 COLLATE utf8mb3_bin NOT NULL,
                                          `EXCLUSIVE_` tinyint(1) NULL DEFAULT NULL,
                                          `EXECUTION_ID_` varchar(64) CHARACTER SET utf8mb3 COLLATE utf8mb3_bin NULL DEFAULT NULL,
                                          `PROCESS_INSTANCE_ID_` varchar(64) CHARACTER SET utf8mb3 COLLATE utf8mb3_bin NULL DEFAULT NULL,
                                          `PROC_DEF_ID_` varchar(64) CHARACTER SET utf8mb3 COLLATE utf8mb3_bin NULL DEFAULT NULL,
                                          `ELEMENT_ID_` varchar(255) CHARACTER SET utf8mb3 COLLATE utf8mb3_bin NULL DEFAULT NULL,
                                          `ELEMENT_NAME_` varchar(255) CHARACTER SET utf8mb3 COLLATE utf8mb3_bin NULL DEFAULT NULL,
                                          `SCOPE_ID_` varchar(255) CHARACTER SET utf8mb3 COLLATE utf8mb3_bin NULL DEFAULT NULL,
                                          `SUB_SCOPE_ID_` varchar(255) CHARACTER SET utf8mb3 COLLATE utf8mb3_bin NULL DEFAULT NULL,
                                          `SCOPE_TYPE_` varchar(255) CHARACTER SET utf8mb3 COLLATE utf8mb3_bin NULL DEFAULT NULL,
                                          `SCOPE_DEFINITION_ID_` varchar(255) CHARACTER SET utf8mb3 COLLATE utf8mb3_bin NULL DEFAULT NULL,
                                          `CORRELATION_ID_` varchar(255) CHARACTER SET utf8mb3 COLLATE utf8mb3_bin NULL DEFAULT NULL,
                                          `EXCEPTION_STACK_ID_` varchar(64) CHARACTER SET utf8mb3 COLLATE utf8mb3_bin NULL DEFAULT NULL,
                                          `EXCEPTION_MSG_` varchar(4000) CHARACTER SET utf8mb3 COLLATE utf8mb3_bin NULL DEFAULT NULL,
                                          `DUEDATE_` timestamp(3) NULL DEFAULT NULL,
                                          `REPEAT_` varchar(255) CHARACTER SET utf8mb3 COLLATE utf8mb3_bin NULL DEFAULT NULL,
                                          `HANDLER_TYPE_` varchar(255) CHARACTER SET utf8mb3 COLLATE utf8mb3_bin NULL DEFAULT NULL,
                                          `HANDLER_CFG_` varchar(4000) CHARACTER SET utf8mb3 COLLATE utf8mb3_bin NULL DEFAULT NULL,
                                          `CUSTOM_VALUES_ID_` varchar(64) CHARACTER SET utf8mb3 COLLATE utf8mb3_bin NULL DEFAULT NULL,
                                          `CREATE_TIME_` timestamp(3) NULL DEFAULT NULL,
                                          `TENANT_ID_` varchar(255) CHARACTER SET utf8mb3 COLLATE utf8mb3_bin NULL DEFAULT '',
                                          PRIMARY KEY (`ID_`) USING BTREE,
                                          INDEX `ACT_IDX_DEADLETTER_JOB_EXCEPTION_STACK_ID`(`EXCEPTION_STACK_ID_` ASC) USING BTREE,
                                          INDEX `ACT_IDX_DEADLETTER_JOB_CUSTOM_VALUES_ID`(`CUSTOM_VALUES_ID_` ASC) USING BTREE,
                                          INDEX `ACT_IDX_DEADLETTER_JOB_CORRELATION_ID`(`CORRELATION_ID_` ASC) USING BTREE,
                                          INDEX `ACT_IDX_DJOB_SCOPE`(`SCOPE_ID_` ASC, `SCOPE_TYPE_` ASC) USING BTREE,
                                          INDEX `ACT_IDX_DJOB_SUB_SCOPE`(`SUB_SCOPE_ID_` ASC, `SCOPE_TYPE_` ASC) USING BTREE,
                                          INDEX `ACT_IDX_DJOB_SCOPE_DEF`(`SCOPE_DEFINITION_ID_` ASC, `SCOPE_TYPE_` ASC) USING BTREE,
                                          INDEX `ACT_FK_DEADLETTER_JOB_EXECUTION`(`EXECUTION_ID_` ASC) USING BTREE,
                                          INDEX `ACT_FK_DEADLETTER_JOB_PROCESS_INSTANCE`(`PROCESS_INSTANCE_ID_` ASC) USING BTREE,
                                          INDEX `ACT_FK_DEADLETTER_JOB_PROC_DEF`(`PROC_DEF_ID_` ASC) USING BTREE,
                                          CONSTRAINT `ACT_FK_DEADLETTER_JOB_CUSTOM_VALUES` FOREIGN KEY (`CUSTOM_VALUES_ID_`) REFERENCES `ACT_GE_BYTEARRAY` (`ID_`) ON DELETE RESTRICT ON UPDATE RESTRICT,
                                          CONSTRAINT `ACT_FK_DEADLETTER_JOB_EXCEPTION` FOREIGN KEY (`EXCEPTION_STACK_ID_`) REFERENCES `ACT_GE_BYTEARRAY` (`ID_`) ON DELETE RESTRICT ON UPDATE RESTRICT,
                                          CONSTRAINT `ACT_FK_DEADLETTER_JOB_EXECUTION` FOREIGN KEY (`EXECUTION_ID_`) REFERENCES `ACT_RU_EXECUTION` (`ID_`) ON DELETE RESTRICT ON UPDATE RESTRICT,
                                          CONSTRAINT `ACT_FK_DEADLETTER_JOB_PROC_DEF` FOREIGN KEY (`PROC_DEF_ID_`) REFERENCES `ACT_RE_PROCDEF` (`ID_`) ON DELETE RESTRICT ON UPDATE RESTRICT,
                                          CONSTRAINT `ACT_FK_DEADLETTER_JOB_PROCESS_INSTANCE` FOREIGN KEY (`PROCESS_INSTANCE_ID_`) REFERENCES `ACT_RU_EXECUTION` (`ID_`) ON DELETE RESTRICT ON UPDATE RESTRICT
) ENGINE = InnoDB CHARACTER SET = utf8mb3 COLLATE = utf8mb3_bin;

-- ----------------------------
-- Table structure for ACT_RU_ENTITYLINK
-- ----------------------------
DROP TABLE IF EXISTS `ACT_RU_ENTITYLINK`;
CREATE TABLE `ACT_RU_ENTITYLINK`  (
                                      `ID_` varchar(64) CHARACTER SET utf8mb3 COLLATE utf8mb3_bin NOT NULL,
                                      `REV_` int NULL DEFAULT NULL,
                                      `CREATE_TIME_` datetime(3) NULL DEFAULT NULL,
                                      `LINK_TYPE_` varchar(255) CHARACTER SET utf8mb3 COLLATE utf8mb3_bin NULL DEFAULT NULL,
                                      `SCOPE_ID_` varchar(255) CHARACTER SET utf8mb3 COLLATE utf8mb3_bin NULL DEFAULT NULL,
                                      `SUB_SCOPE_ID_` varchar(255) CHARACTER SET utf8mb3 COLLATE utf8mb3_bin NULL DEFAULT NULL,
                                      `SCOPE_TYPE_` varchar(255) CHARACTER SET utf8mb3 COLLATE utf8mb3_bin NULL DEFAULT NULL,
                                      `SCOPE_DEFINITION_ID_` varchar(255) CHARACTER SET utf8mb3 COLLATE utf8mb3_bin NULL DEFAULT NULL,
                                      `PARENT_ELEMENT_ID_` varchar(255) CHARACTER SET utf8mb3 COLLATE utf8mb3_bin NULL DEFAULT NULL,
                                      `REF_SCOPE_ID_` varchar(255) CHARACTER SET utf8mb3 COLLATE utf8mb3_bin NULL DEFAULT NULL,
                                      `REF_SCOPE_TYPE_` varchar(255) CHARACTER SET utf8mb3 COLLATE utf8mb3_bin NULL DEFAULT NULL,
                                      `REF_SCOPE_DEFINITION_ID_` varchar(255) CHARACTER SET utf8mb3 COLLATE utf8mb3_bin NULL DEFAULT NULL,
                                      `ROOT_SCOPE_ID_` varchar(255) CHARACTER SET utf8mb3 COLLATE utf8mb3_bin NULL DEFAULT NULL,
                                      `ROOT_SCOPE_TYPE_` varchar(255) CHARACTER SET utf8mb3 COLLATE utf8mb3_bin NULL DEFAULT NULL,
                                      `HIERARCHY_TYPE_` varchar(255) CHARACTER SET utf8mb3 COLLATE utf8mb3_bin NULL DEFAULT NULL,
                                      PRIMARY KEY (`ID_`) USING BTREE,
                                      INDEX `ACT_IDX_ENT_LNK_SCOPE`(`SCOPE_ID_` ASC, `SCOPE_TYPE_` ASC, `LINK_TYPE_` ASC) USING BTREE,
                                      INDEX `ACT_IDX_ENT_LNK_REF_SCOPE`(`REF_SCOPE_ID_` ASC, `REF_SCOPE_TYPE_` ASC, `LINK_TYPE_` ASC) USING BTREE,
                                      INDEX `ACT_IDX_ENT_LNK_ROOT_SCOPE`(`ROOT_SCOPE_ID_` ASC, `ROOT_SCOPE_TYPE_` ASC, `LINK_TYPE_` ASC) USING BTREE,
                                      INDEX `ACT_IDX_ENT_LNK_SCOPE_DEF`(`SCOPE_DEFINITION_ID_` ASC, `SCOPE_TYPE_` ASC, `LINK_TYPE_` ASC) USING BTREE
) ENGINE = InnoDB CHARACTER SET = utf8mb3 COLLATE = utf8mb3_bin;

-- ----------------------------
-- Table structure for ACT_RU_EVENT_SUBSCR
-- ----------------------------
DROP TABLE IF EXISTS `ACT_RU_EVENT_SUBSCR`;
CREATE TABLE `ACT_RU_EVENT_SUBSCR`  (
                                        `ID_` varchar(64) CHARACTER SET utf8mb3 COLLATE utf8mb3_bin NOT NULL,
                                        `REV_` int NULL DEFAULT NULL,
                                        `EVENT_TYPE_` varchar(255) CHARACTER SET utf8mb3 COLLATE utf8mb3_bin NOT NULL,
                                        `EVENT_NAME_` varchar(255) CHARACTER SET utf8mb3 COLLATE utf8mb3_bin NULL DEFAULT NULL,
                                        `EXECUTION_ID_` varchar(64) CHARACTER SET utf8mb3 COLLATE utf8mb3_bin NULL DEFAULT NULL,
                                        `PROC_INST_ID_` varchar(64) CHARACTER SET utf8mb3 COLLATE utf8mb3_bin NULL DEFAULT NULL,
                                        `ACTIVITY_ID_` varchar(64) CHARACTER SET utf8mb3 COLLATE utf8mb3_bin NULL DEFAULT NULL,
                                        `CONFIGURATION_` varchar(255) CHARACTER SET utf8mb3 COLLATE utf8mb3_bin NULL DEFAULT NULL,
                                        `CREATED_` timestamp(3) NOT NULL DEFAULT CURRENT_TIMESTAMP(3),
                                        `PROC_DEF_ID_` varchar(64) CHARACTER SET utf8mb3 COLLATE utf8mb3_bin NULL DEFAULT NULL,
                                        `SUB_SCOPE_ID_` varchar(64) CHARACTER SET utf8mb3 COLLATE utf8mb3_bin NULL DEFAULT NULL,
                                        `SCOPE_ID_` varchar(64) CHARACTER SET utf8mb3 COLLATE utf8mb3_bin NULL DEFAULT NULL,
                                        `SCOPE_DEFINITION_ID_` varchar(64) CHARACTER SET utf8mb3 COLLATE utf8mb3_bin NULL DEFAULT NULL,
                                        `SCOPE_TYPE_` varchar(64) CHARACTER SET utf8mb3 COLLATE utf8mb3_bin NULL DEFAULT NULL,
                                        `TENANT_ID_` varchar(255) CHARACTER SET utf8mb3 COLLATE utf8mb3_bin NULL DEFAULT '',
                                        PRIMARY KEY (`ID_`) USING BTREE,
                                        INDEX `ACT_IDX_EVENT_SUBSCR_CONFIG_`(`CONFIGURATION_` ASC) USING BTREE,
                                        INDEX `ACT_FK_EVENT_EXEC`(`EXECUTION_ID_` ASC) USING BTREE,
                                        CONSTRAINT `ACT_FK_EVENT_EXEC` FOREIGN KEY (`EXECUTION_ID_`) REFERENCES `ACT_RU_EXECUTION` (`ID_`) ON DELETE RESTRICT ON UPDATE RESTRICT
) ENGINE = InnoDB CHARACTER SET = utf8mb3 COLLATE = utf8mb3_bin;

-- ----------------------------
-- Table structure for ACT_RU_EXECUTION
-- ----------------------------
DROP TABLE IF EXISTS `ACT_RU_EXECUTION`;
CREATE TABLE `ACT_RU_EXECUTION`  (
                                     `ID_` varchar(64) CHARACTER SET utf8mb3 COLLATE utf8mb3_bin NOT NULL,
                                     `REV_` int NULL DEFAULT NULL,
                                     `PROC_INST_ID_` varchar(64) CHARACTER SET utf8mb3 COLLATE utf8mb3_bin NULL DEFAULT NULL,
                                     `BUSINESS_KEY_` varchar(255) CHARACTER SET utf8mb3 COLLATE utf8mb3_bin NULL DEFAULT NULL,
                                     `PARENT_ID_` varchar(64) CHARACTER SET utf8mb3 COLLATE utf8mb3_bin NULL DEFAULT NULL,
                                     `PROC_DEF_ID_` varchar(64) CHARACTER SET utf8mb3 COLLATE utf8mb3_bin NULL DEFAULT NULL,
                                     `SUPER_EXEC_` varchar(64) CHARACTER SET utf8mb3 COLLATE utf8mb3_bin NULL DEFAULT NULL,
                                     `ROOT_PROC_INST_ID_` varchar(64) CHARACTER SET utf8mb3 COLLATE utf8mb3_bin NULL DEFAULT NULL,
                                     `ACT_ID_` varchar(255) CHARACTER SET utf8mb3 COLLATE utf8mb3_bin NULL DEFAULT NULL,
                                     `IS_ACTIVE_` tinyint NULL DEFAULT NULL,
                                     `IS_CONCURRENT_` tinyint NULL DEFAULT NULL,
                                     `IS_SCOPE_` tinyint NULL DEFAULT NULL,
                                     `IS_EVENT_SCOPE_` tinyint NULL DEFAULT NULL,
                                     `IS_MI_ROOT_` tinyint NULL DEFAULT NULL,
                                     `SUSPENSION_STATE_` int NULL DEFAULT NULL,
                                     `CACHED_ENT_STATE_` int NULL DEFAULT NULL,
                                     `TENANT_ID_` varchar(255) CHARACTER SET utf8mb3 COLLATE utf8mb3_bin NULL DEFAULT '',
                                     `NAME_` varchar(255) CHARACTER SET utf8mb3 COLLATE utf8mb3_bin NULL DEFAULT NULL,
                                     `START_ACT_ID_` varchar(255) CHARACTER SET utf8mb3 COLLATE utf8mb3_bin NULL DEFAULT NULL,
                                     `START_TIME_` datetime(3) NULL DEFAULT NULL,
                                     `START_USER_ID_` varchar(255) CHARACTER SET utf8mb3 COLLATE utf8mb3_bin NULL DEFAULT NULL,
                                     `LOCK_TIME_` timestamp(3) NULL DEFAULT NULL,
                                     `LOCK_OWNER_` varchar(255) CHARACTER SET utf8mb3 COLLATE utf8mb3_bin NULL DEFAULT NULL,
                                     `IS_COUNT_ENABLED_` tinyint NULL DEFAULT NULL,
                                     `EVT_SUBSCR_COUNT_` int NULL DEFAULT NULL,
                                     `TASK_COUNT_` int NULL DEFAULT NULL,
                                     `JOB_COUNT_` int NULL DEFAULT NULL,
                                     `TIMER_JOB_COUNT_` int NULL DEFAULT NULL,
                                     `SUSP_JOB_COUNT_` int NULL DEFAULT NULL,
                                     `DEADLETTER_JOB_COUNT_` int NULL DEFAULT NULL,
                                     `EXTERNAL_WORKER_JOB_COUNT_` int NULL DEFAULT NULL,
                                     `VAR_COUNT_` int NULL DEFAULT NULL,
                                     `ID_LINK_COUNT_` int NULL DEFAULT NULL,
                                     `CALLBACK_ID_` varchar(255) CHARACTER SET utf8mb3 COLLATE utf8mb3_bin NULL DEFAULT NULL,
                                     `CALLBACK_TYPE_` varchar(255) CHARACTER SET utf8mb3 COLLATE utf8mb3_bin NULL DEFAULT NULL,
                                     `REFERENCE_ID_` varchar(255) CHARACTER SET utf8mb3 COLLATE utf8mb3_bin NULL DEFAULT NULL,
                                     `REFERENCE_TYPE_` varchar(255) CHARACTER SET utf8mb3 COLLATE utf8mb3_bin NULL DEFAULT NULL,
                                     `PROPAGATED_STAGE_INST_ID_` varchar(255) CHARACTER SET utf8mb3 COLLATE utf8mb3_bin NULL DEFAULT NULL,
                                     `BUSINESS_STATUS_` varchar(255) CHARACTER SET utf8mb3 COLLATE utf8mb3_bin NULL DEFAULT NULL,
                                     PRIMARY KEY (`ID_`) USING BTREE,
                                     INDEX `ACT_IDX_EXEC_BUSKEY`(`BUSINESS_KEY_` ASC) USING BTREE,
                                     INDEX `ACT_IDC_EXEC_ROOT`(`ROOT_PROC_INST_ID_` ASC) USING BTREE,
                                     INDEX `ACT_IDX_EXEC_REF_ID_`(`REFERENCE_ID_` ASC) USING BTREE,
                                     INDEX `ACT_FK_EXE_PROCINST`(`PROC_INST_ID_` ASC) USING BTREE,
                                     INDEX `ACT_FK_EXE_PARENT`(`PARENT_ID_` ASC) USING BTREE,
                                     INDEX `ACT_FK_EXE_SUPER`(`SUPER_EXEC_` ASC) USING BTREE,
                                     INDEX `ACT_FK_EXE_PROCDEF`(`PROC_DEF_ID_` ASC) USING BTREE,
                                     CONSTRAINT `ACT_FK_EXE_PARENT` FOREIGN KEY (`PARENT_ID_`) REFERENCES `ACT_RU_EXECUTION` (`ID_`) ON DELETE CASCADE ON UPDATE RESTRICT,
                                     CONSTRAINT `ACT_FK_EXE_PROCDEF` FOREIGN KEY (`PROC_DEF_ID_`) REFERENCES `ACT_RE_PROCDEF` (`ID_`) ON DELETE RESTRICT ON UPDATE RESTRICT,
                                     CONSTRAINT `ACT_FK_EXE_PROCINST` FOREIGN KEY (`PROC_INST_ID_`) REFERENCES `ACT_RU_EXECUTION` (`ID_`) ON DELETE CASCADE ON UPDATE CASCADE,
                                     CONSTRAINT `ACT_FK_EXE_SUPER` FOREIGN KEY (`SUPER_EXEC_`) REFERENCES `ACT_RU_EXECUTION` (`ID_`) ON DELETE CASCADE ON UPDATE RESTRICT
) ENGINE = InnoDB CHARACTER SET = utf8mb3 COLLATE = utf8mb3_bin;

-- ----------------------------
-- Table structure for ACT_RU_EXTERNAL_JOB
-- ----------------------------
DROP TABLE IF EXISTS `ACT_RU_EXTERNAL_JOB`;
CREATE TABLE `ACT_RU_EXTERNAL_JOB`  (
                                        `ID_` varchar(64) CHARACTER SET utf8mb3 COLLATE utf8mb3_bin NOT NULL,
                                        `REV_` int NULL DEFAULT NULL,
                                        `CATEGORY_` varchar(255) CHARACTER SET utf8mb3 COLLATE utf8mb3_bin NULL DEFAULT NULL,
                                        `TYPE_` varchar(255) CHARACTER SET utf8mb3 COLLATE utf8mb3_bin NOT NULL,
                                        `LOCK_EXP_TIME_` timestamp(3) NULL DEFAULT NULL,
                                        `LOCK_OWNER_` varchar(255) CHARACTER SET utf8mb3 COLLATE utf8mb3_bin NULL DEFAULT NULL,
                                        `EXCLUSIVE_` tinyint(1) NULL DEFAULT NULL,
                                        `EXECUTION_ID_` varchar(64) CHARACTER SET utf8mb3 COLLATE utf8mb3_bin NULL DEFAULT NULL,
                                        `PROCESS_INSTANCE_ID_` varchar(64) CHARACTER SET utf8mb3 COLLATE utf8mb3_bin NULL DEFAULT NULL,
                                        `PROC_DEF_ID_` varchar(64) CHARACTER SET utf8mb3 COLLATE utf8mb3_bin NULL DEFAULT NULL,
                                        `ELEMENT_ID_` varchar(255) CHARACTER SET utf8mb3 COLLATE utf8mb3_bin NULL DEFAULT NULL,
                                        `ELEMENT_NAME_` varchar(255) CHARACTER SET utf8mb3 COLLATE utf8mb3_bin NULL DEFAULT NULL,
                                        `SCOPE_ID_` varchar(255) CHARACTER SET utf8mb3 COLLATE utf8mb3_bin NULL DEFAULT NULL,
                                        `SUB_SCOPE_ID_` varchar(255) CHARACTER SET utf8mb3 COLLATE utf8mb3_bin NULL DEFAULT NULL,
                                        `SCOPE_TYPE_` varchar(255) CHARACTER SET utf8mb3 COLLATE utf8mb3_bin NULL DEFAULT NULL,
                                        `SCOPE_DEFINITION_ID_` varchar(255) CHARACTER SET utf8mb3 COLLATE utf8mb3_bin NULL DEFAULT NULL,
                                        `CORRELATION_ID_` varchar(255) CHARACTER SET utf8mb3 COLLATE utf8mb3_bin NULL DEFAULT NULL,
                                        `RETRIES_` int NULL DEFAULT NULL,
                                        `EXCEPTION_STACK_ID_` varchar(64) CHARACTER SET utf8mb3 COLLATE utf8mb3_bin NULL DEFAULT NULL,
                                        `EXCEPTION_MSG_` varchar(4000) CHARACTER SET utf8mb3 COLLATE utf8mb3_bin NULL DEFAULT NULL,
                                        `DUEDATE_` timestamp(3) NULL DEFAULT NULL,
                                        `REPEAT_` varchar(255) CHARACTER SET utf8mb3 COLLATE utf8mb3_bin NULL DEFAULT NULL,
                                        `HANDLER_TYPE_` varchar(255) CHARACTER SET utf8mb3 COLLATE utf8mb3_bin NULL DEFAULT NULL,
                                        `HANDLER_CFG_` varchar(4000) CHARACTER SET utf8mb3 COLLATE utf8mb3_bin NULL DEFAULT NULL,
                                        `CUSTOM_VALUES_ID_` varchar(64) CHARACTER SET utf8mb3 COLLATE utf8mb3_bin NULL DEFAULT NULL,
                                        `CREATE_TIME_` timestamp(3) NULL DEFAULT NULL,
                                        `TENANT_ID_` varchar(255) CHARACTER SET utf8mb3 COLLATE utf8mb3_bin NULL DEFAULT '',
                                        PRIMARY KEY (`ID_`) USING BTREE,
                                        INDEX `ACT_IDX_EXTERNAL_JOB_EXCEPTION_STACK_ID`(`EXCEPTION_STACK_ID_` ASC) USING BTREE,
                                        INDEX `ACT_IDX_EXTERNAL_JOB_CUSTOM_VALUES_ID`(`CUSTOM_VALUES_ID_` ASC) USING BTREE,
                                        INDEX `ACT_IDX_EXTERNAL_JOB_CORRELATION_ID`(`CORRELATION_ID_` ASC) USING BTREE,
                                        INDEX `ACT_IDX_EJOB_SCOPE`(`SCOPE_ID_` ASC, `SCOPE_TYPE_` ASC) USING BTREE,
                                        INDEX `ACT_IDX_EJOB_SUB_SCOPE`(`SUB_SCOPE_ID_` ASC, `SCOPE_TYPE_` ASC) USING BTREE,
                                        INDEX `ACT_IDX_EJOB_SCOPE_DEF`(`SCOPE_DEFINITION_ID_` ASC, `SCOPE_TYPE_` ASC) USING BTREE,
                                        CONSTRAINT `ACT_FK_EXTERNAL_JOB_CUSTOM_VALUES` FOREIGN KEY (`CUSTOM_VALUES_ID_`) REFERENCES `ACT_GE_BYTEARRAY` (`ID_`) ON DELETE RESTRICT ON UPDATE RESTRICT,
                                        CONSTRAINT `ACT_FK_EXTERNAL_JOB_EXCEPTION` FOREIGN KEY (`EXCEPTION_STACK_ID_`) REFERENCES `ACT_GE_BYTEARRAY` (`ID_`) ON DELETE RESTRICT ON UPDATE RESTRICT
) ENGINE = InnoDB CHARACTER SET = utf8mb3 COLLATE = utf8mb3_bin;

-- ----------------------------
-- Table structure for ACT_RU_HISTORY_JOB
-- ----------------------------
DROP TABLE IF EXISTS `ACT_RU_HISTORY_JOB`;
CREATE TABLE `ACT_RU_HISTORY_JOB`  (
                                       `ID_` varchar(64) CHARACTER SET utf8mb3 COLLATE utf8mb3_bin NOT NULL,
                                       `REV_` int NULL DEFAULT NULL,
                                       `LOCK_EXP_TIME_` timestamp(3) NULL DEFAULT NULL,
                                       `LOCK_OWNER_` varchar(255) CHARACTER SET utf8mb3 COLLATE utf8mb3_bin NULL DEFAULT NULL,
                                       `RETRIES_` int NULL DEFAULT NULL,
                                       `EXCEPTION_STACK_ID_` varchar(64) CHARACTER SET utf8mb3 COLLATE utf8mb3_bin NULL DEFAULT NULL,
                                       `EXCEPTION_MSG_` varchar(4000) CHARACTER SET utf8mb3 COLLATE utf8mb3_bin NULL DEFAULT NULL,
                                       `HANDLER_TYPE_` varchar(255) CHARACTER SET utf8mb3 COLLATE utf8mb3_bin NULL DEFAULT NULL,
                                       `HANDLER_CFG_` varchar(4000) CHARACTER SET utf8mb3 COLLATE utf8mb3_bin NULL DEFAULT NULL,
                                       `CUSTOM_VALUES_ID_` varchar(64) CHARACTER SET utf8mb3 COLLATE utf8mb3_bin NULL DEFAULT NULL,
                                       `ADV_HANDLER_CFG_ID_` varchar(64) CHARACTER SET utf8mb3 COLLATE utf8mb3_bin NULL DEFAULT NULL,
                                       `CREATE_TIME_` timestamp(3) NULL DEFAULT NULL,
                                       `SCOPE_TYPE_` varchar(255) CHARACTER SET utf8mb3 COLLATE utf8mb3_bin NULL DEFAULT NULL,
                                       `TENANT_ID_` varchar(255) CHARACTER SET utf8mb3 COLLATE utf8mb3_bin NULL DEFAULT '',
                                       PRIMARY KEY (`ID_`) USING BTREE
) ENGINE = InnoDB CHARACTER SET = utf8mb3 COLLATE = utf8mb3_bin;

-- ----------------------------
-- Table structure for ACT_RU_IDENTITYLINK
-- ----------------------------
DROP TABLE IF EXISTS `ACT_RU_IDENTITYLINK`;
CREATE TABLE `ACT_RU_IDENTITYLINK`  (
                                        `ID_` varchar(64) CHARACTER SET utf8mb3 COLLATE utf8mb3_bin NOT NULL,
                                        `REV_` int NULL DEFAULT NULL,
                                        `GROUP_ID_` varchar(255) CHARACTER SET utf8mb3 COLLATE utf8mb3_bin NULL DEFAULT NULL,
                                        `TYPE_` varchar(255) CHARACTER SET utf8mb3 COLLATE utf8mb3_bin NULL DEFAULT NULL,
                                        `USER_ID_` varchar(255) CHARACTER SET utf8mb3 COLLATE utf8mb3_bin NULL DEFAULT NULL,
                                        `TASK_ID_` varchar(64) CHARACTER SET utf8mb3 COLLATE utf8mb3_bin NULL DEFAULT NULL,
                                        `PROC_INST_ID_` varchar(64) CHARACTER SET utf8mb3 COLLATE utf8mb3_bin NULL DEFAULT NULL,
                                        `PROC_DEF_ID_` varchar(64) CHARACTER SET utf8mb3 COLLATE utf8mb3_bin NULL DEFAULT NULL,
                                        `SCOPE_ID_` varchar(255) CHARACTER SET utf8mb3 COLLATE utf8mb3_bin NULL DEFAULT NULL,
                                        `SUB_SCOPE_ID_` varchar(255) CHARACTER SET utf8mb3 COLLATE utf8mb3_bin NULL DEFAULT NULL,
                                        `SCOPE_TYPE_` varchar(255) CHARACTER SET utf8mb3 COLLATE utf8mb3_bin NULL DEFAULT NULL,
                                        `SCOPE_DEFINITION_ID_` varchar(255) CHARACTER SET utf8mb3 COLLATE utf8mb3_bin NULL DEFAULT NULL,
                                        PRIMARY KEY (`ID_`) USING BTREE,
                                        INDEX `ACT_IDX_IDENT_LNK_USER`(`USER_ID_` ASC) USING BTREE,
                                        INDEX `ACT_IDX_IDENT_LNK_GROUP`(`GROUP_ID_` ASC) USING BTREE,
                                        INDEX `ACT_IDX_IDENT_LNK_SCOPE`(`SCOPE_ID_` ASC, `SCOPE_TYPE_` ASC) USING BTREE,
                                        INDEX `ACT_IDX_IDENT_LNK_SUB_SCOPE`(`SUB_SCOPE_ID_` ASC, `SCOPE_TYPE_` ASC) USING BTREE,
                                        INDEX `ACT_IDX_IDENT_LNK_SCOPE_DEF`(`SCOPE_DEFINITION_ID_` ASC, `SCOPE_TYPE_` ASC) USING BTREE,
                                        INDEX `ACT_IDX_ATHRZ_PROCEDEF`(`PROC_DEF_ID_` ASC) USING BTREE,
                                        INDEX `ACT_FK_TSKASS_TASK`(`TASK_ID_` ASC) USING BTREE,
                                        INDEX `ACT_FK_IDL_PROCINST`(`PROC_INST_ID_` ASC) USING BTREE,
                                        CONSTRAINT `ACT_FK_ATHRZ_PROCEDEF` FOREIGN KEY (`PROC_DEF_ID_`) REFERENCES `ACT_RE_PROCDEF` (`ID_`) ON DELETE RESTRICT ON UPDATE RESTRICT,
                                        CONSTRAINT `ACT_FK_IDL_PROCINST` FOREIGN KEY (`PROC_INST_ID_`) REFERENCES `ACT_RU_EXECUTION` (`ID_`) ON DELETE RESTRICT ON UPDATE RESTRICT,
                                        CONSTRAINT `ACT_FK_TSKASS_TASK` FOREIGN KEY (`TASK_ID_`) REFERENCES `ACT_RU_TASK` (`ID_`) ON DELETE RESTRICT ON UPDATE RESTRICT
) ENGINE = InnoDB CHARACTER SET = utf8mb3 COLLATE = utf8mb3_bin;

-- ----------------------------
-- Table structure for ACT_RU_JOB
-- ----------------------------
DROP TABLE IF EXISTS `ACT_RU_JOB`;
CREATE TABLE `ACT_RU_JOB`  (
                               `ID_` varchar(64) CHARACTER SET utf8mb3 COLLATE utf8mb3_bin NOT NULL,
                               `REV_` int NULL DEFAULT NULL,
                               `CATEGORY_` varchar(255) CHARACTER SET utf8mb3 COLLATE utf8mb3_bin NULL DEFAULT NULL,
                               `TYPE_` varchar(255) CHARACTER SET utf8mb3 COLLATE utf8mb3_bin NOT NULL,
                               `LOCK_EXP_TIME_` timestamp(3) NULL DEFAULT NULL,
                               `LOCK_OWNER_` varchar(255) CHARACTER SET utf8mb3 COLLATE utf8mb3_bin NULL DEFAULT NULL,
                               `EXCLUSIVE_` tinyint(1) NULL DEFAULT NULL,
                               `EXECUTION_ID_` varchar(64) CHARACTER SET utf8mb3 COLLATE utf8mb3_bin NULL DEFAULT NULL,
                               `PROCESS_INSTANCE_ID_` varchar(64) CHARACTER SET utf8mb3 COLLATE utf8mb3_bin NULL DEFAULT NULL,
                               `PROC_DEF_ID_` varchar(64) CHARACTER SET utf8mb3 COLLATE utf8mb3_bin NULL DEFAULT NULL,
                               `ELEMENT_ID_` varchar(255) CHARACTER SET utf8mb3 COLLATE utf8mb3_bin NULL DEFAULT NULL,
                               `ELEMENT_NAME_` varchar(255) CHARACTER SET utf8mb3 COLLATE utf8mb3_bin NULL DEFAULT NULL,
                               `SCOPE_ID_` varchar(255) CHARACTER SET utf8mb3 COLLATE utf8mb3_bin NULL DEFAULT NULL,
                               `SUB_SCOPE_ID_` varchar(255) CHARACTER SET utf8mb3 COLLATE utf8mb3_bin NULL DEFAULT NULL,
                               `SCOPE_TYPE_` varchar(255) CHARACTER SET utf8mb3 COLLATE utf8mb3_bin NULL DEFAULT NULL,
                               `SCOPE_DEFINITION_ID_` varchar(255) CHARACTER SET utf8mb3 COLLATE utf8mb3_bin NULL DEFAULT NULL,
                               `CORRELATION_ID_` varchar(255) CHARACTER SET utf8mb3 COLLATE utf8mb3_bin NULL DEFAULT NULL,
                               `RETRIES_` int NULL DEFAULT NULL,
                               `EXCEPTION_STACK_ID_` varchar(64) CHARACTER SET utf8mb3 COLLATE utf8mb3_bin NULL DEFAULT NULL,
                               `EXCEPTION_MSG_` varchar(4000) CHARACTER SET utf8mb3 COLLATE utf8mb3_bin NULL DEFAULT NULL,
                               `DUEDATE_` timestamp(3) NULL DEFAULT NULL,
                               `REPEAT_` varchar(255) CHARACTER SET utf8mb3 COLLATE utf8mb3_bin NULL DEFAULT NULL,
                               `HANDLER_TYPE_` varchar(255) CHARACTER SET utf8mb3 COLLATE utf8mb3_bin NULL DEFAULT NULL,
                               `HANDLER_CFG_` varchar(4000) CHARACTER SET utf8mb3 COLLATE utf8mb3_bin NULL DEFAULT NULL,
                               `CUSTOM_VALUES_ID_` varchar(64) CHARACTER SET utf8mb3 COLLATE utf8mb3_bin NULL DEFAULT NULL,
                               `CREATE_TIME_` timestamp(3) NULL DEFAULT NULL,
                               `TENANT_ID_` varchar(255) CHARACTER SET utf8mb3 COLLATE utf8mb3_bin NULL DEFAULT '',
                               PRIMARY KEY (`ID_`) USING BTREE,
                               INDEX `ACT_IDX_JOB_EXCEPTION_STACK_ID`(`EXCEPTION_STACK_ID_` ASC) USING BTREE,
                               INDEX `ACT_IDX_JOB_CUSTOM_VALUES_ID`(`CUSTOM_VALUES_ID_` ASC) USING BTREE,
                               INDEX `ACT_IDX_JOB_CORRELATION_ID`(`CORRELATION_ID_` ASC) USING BTREE,
                               INDEX `ACT_IDX_JOB_SCOPE`(`SCOPE_ID_` ASC, `SCOPE_TYPE_` ASC) USING BTREE,
                               INDEX `ACT_IDX_JOB_SUB_SCOPE`(`SUB_SCOPE_ID_` ASC, `SCOPE_TYPE_` ASC) USING BTREE,
                               INDEX `ACT_IDX_JOB_SCOPE_DEF`(`SCOPE_DEFINITION_ID_` ASC, `SCOPE_TYPE_` ASC) USING BTREE,
                               INDEX `ACT_FK_JOB_EXECUTION`(`EXECUTION_ID_` ASC) USING BTREE,
                               INDEX `ACT_FK_JOB_PROCESS_INSTANCE`(`PROCESS_INSTANCE_ID_` ASC) USING BTREE,
                               INDEX `ACT_FK_JOB_PROC_DEF`(`PROC_DEF_ID_` ASC) USING BTREE,
                               CONSTRAINT `ACT_FK_JOB_CUSTOM_VALUES` FOREIGN KEY (`CUSTOM_VALUES_ID_`) REFERENCES `ACT_GE_BYTEARRAY` (`ID_`) ON DELETE RESTRICT ON UPDATE RESTRICT,
                               CONSTRAINT `ACT_FK_JOB_EXCEPTION` FOREIGN KEY (`EXCEPTION_STACK_ID_`) REFERENCES `ACT_GE_BYTEARRAY` (`ID_`) ON DELETE RESTRICT ON UPDATE RESTRICT,
                               CONSTRAINT `ACT_FK_JOB_EXECUTION` FOREIGN KEY (`EXECUTION_ID_`) REFERENCES `ACT_RU_EXECUTION` (`ID_`) ON DELETE RESTRICT ON UPDATE RESTRICT,
                               CONSTRAINT `ACT_FK_JOB_PROC_DEF` FOREIGN KEY (`PROC_DEF_ID_`) REFERENCES `ACT_RE_PROCDEF` (`ID_`) ON DELETE RESTRICT ON UPDATE RESTRICT,
                               CONSTRAINT `ACT_FK_JOB_PROCESS_INSTANCE` FOREIGN KEY (`PROCESS_INSTANCE_ID_`) REFERENCES `ACT_RU_EXECUTION` (`ID_`) ON DELETE RESTRICT ON UPDATE RESTRICT
) ENGINE = InnoDB CHARACTER SET = utf8mb3 COLLATE = utf8mb3_bin;

-- ----------------------------
-- Table structure for ACT_RU_SUSPENDED_JOB
-- ----------------------------
DROP TABLE IF EXISTS `ACT_RU_SUSPENDED_JOB`;
CREATE TABLE `ACT_RU_SUSPENDED_JOB`  (
                                         `ID_` varchar(64) CHARACTER SET utf8mb3 COLLATE utf8mb3_bin NOT NULL,
                                         `REV_` int NULL DEFAULT NULL,
                                         `CATEGORY_` varchar(255) CHARACTER SET utf8mb3 COLLATE utf8mb3_bin NULL DEFAULT NULL,
                                         `TYPE_` varchar(255) CHARACTER SET utf8mb3 COLLATE utf8mb3_bin NOT NULL,
                                         `EXCLUSIVE_` tinyint(1) NULL DEFAULT NULL,
                                         `EXECUTION_ID_` varchar(64) CHARACTER SET utf8mb3 COLLATE utf8mb3_bin NULL DEFAULT NULL,
                                         `PROCESS_INSTANCE_ID_` varchar(64) CHARACTER SET utf8mb3 COLLATE utf8mb3_bin NULL DEFAULT NULL,
                                         `PROC_DEF_ID_` varchar(64) CHARACTER SET utf8mb3 COLLATE utf8mb3_bin NULL DEFAULT NULL,
                                         `ELEMENT_ID_` varchar(255) CHARACTER SET utf8mb3 COLLATE utf8mb3_bin NULL DEFAULT NULL,
                                         `ELEMENT_NAME_` varchar(255) CHARACTER SET utf8mb3 COLLATE utf8mb3_bin NULL DEFAULT NULL,
                                         `SCOPE_ID_` varchar(255) CHARACTER SET utf8mb3 COLLATE utf8mb3_bin NULL DEFAULT NULL,
                                         `SUB_SCOPE_ID_` varchar(255) CHARACTER SET utf8mb3 COLLATE utf8mb3_bin NULL DEFAULT NULL,
                                         `SCOPE_TYPE_` varchar(255) CHARACTER SET utf8mb3 COLLATE utf8mb3_bin NULL DEFAULT NULL,
                                         `SCOPE_DEFINITION_ID_` varchar(255) CHARACTER SET utf8mb3 COLLATE utf8mb3_bin NULL DEFAULT NULL,
                                         `CORRELATION_ID_` varchar(255) CHARACTER SET utf8mb3 COLLATE utf8mb3_bin NULL DEFAULT NULL,
                                         `RETRIES_` int NULL DEFAULT NULL,
                                         `EXCEPTION_STACK_ID_` varchar(64) CHARACTER SET utf8mb3 COLLATE utf8mb3_bin NULL DEFAULT NULL,
                                         `EXCEPTION_MSG_` varchar(4000) CHARACTER SET utf8mb3 COLLATE utf8mb3_bin NULL DEFAULT NULL,
                                         `DUEDATE_` timestamp(3) NULL DEFAULT NULL,
                                         `REPEAT_` varchar(255) CHARACTER SET utf8mb3 COLLATE utf8mb3_bin NULL DEFAULT NULL,
                                         `HANDLER_TYPE_` varchar(255) CHARACTER SET utf8mb3 COLLATE utf8mb3_bin NULL DEFAULT NULL,
                                         `HANDLER_CFG_` varchar(4000) CHARACTER SET utf8mb3 COLLATE utf8mb3_bin NULL DEFAULT NULL,
                                         `CUSTOM_VALUES_ID_` varchar(64) CHARACTER SET utf8mb3 COLLATE utf8mb3_bin NULL DEFAULT NULL,
                                         `CREATE_TIME_` timestamp(3) NULL DEFAULT NULL,
                                         `TENANT_ID_` varchar(255) CHARACTER SET utf8mb3 COLLATE utf8mb3_bin NULL DEFAULT '',
                                         PRIMARY KEY (`ID_`) USING BTREE,
                                         INDEX `ACT_IDX_SUSPENDED_JOB_EXCEPTION_STACK_ID`(`EXCEPTION_STACK_ID_` ASC) USING BTREE,
                                         INDEX `ACT_IDX_SUSPENDED_JOB_CUSTOM_VALUES_ID`(`CUSTOM_VALUES_ID_` ASC) USING BTREE,
                                         INDEX `ACT_IDX_SUSPENDED_JOB_CORRELATION_ID`(`CORRELATION_ID_` ASC) USING BTREE,
                                         INDEX `ACT_IDX_SJOB_SCOPE`(`SCOPE_ID_` ASC, `SCOPE_TYPE_` ASC) USING BTREE,
                                         INDEX `ACT_IDX_SJOB_SUB_SCOPE`(`SUB_SCOPE_ID_` ASC, `SCOPE_TYPE_` ASC) USING BTREE,
                                         INDEX `ACT_IDX_SJOB_SCOPE_DEF`(`SCOPE_DEFINITION_ID_` ASC, `SCOPE_TYPE_` ASC) USING BTREE,
                                         INDEX `ACT_FK_SUSPENDED_JOB_EXECUTION`(`EXECUTION_ID_` ASC) USING BTREE,
                                         INDEX `ACT_FK_SUSPENDED_JOB_PROCESS_INSTANCE`(`PROCESS_INSTANCE_ID_` ASC) USING BTREE,
                                         INDEX `ACT_FK_SUSPENDED_JOB_PROC_DEF`(`PROC_DEF_ID_` ASC) USING BTREE,
                                         CONSTRAINT `ACT_FK_SUSPENDED_JOB_CUSTOM_VALUES` FOREIGN KEY (`CUSTOM_VALUES_ID_`) REFERENCES `ACT_GE_BYTEARRAY` (`ID_`) ON DELETE RESTRICT ON UPDATE RESTRICT,
                                         CONSTRAINT `ACT_FK_SUSPENDED_JOB_EXCEPTION` FOREIGN KEY (`EXCEPTION_STACK_ID_`) REFERENCES `ACT_GE_BYTEARRAY` (`ID_`) ON DELETE RESTRICT ON UPDATE RESTRICT,
                                         CONSTRAINT `ACT_FK_SUSPENDED_JOB_EXECUTION` FOREIGN KEY (`EXECUTION_ID_`) REFERENCES `ACT_RU_EXECUTION` (`ID_`) ON DELETE RESTRICT ON UPDATE RESTRICT,
                                         CONSTRAINT `ACT_FK_SUSPENDED_JOB_PROC_DEF` FOREIGN KEY (`PROC_DEF_ID_`) REFERENCES `ACT_RE_PROCDEF` (`ID_`) ON DELETE RESTRICT ON UPDATE RESTRICT,
                                         CONSTRAINT `ACT_FK_SUSPENDED_JOB_PROCESS_INSTANCE` FOREIGN KEY (`PROCESS_INSTANCE_ID_`) REFERENCES `ACT_RU_EXECUTION` (`ID_`) ON DELETE RESTRICT ON UPDATE RESTRICT
) ENGINE = InnoDB CHARACTER SET = utf8mb3 COLLATE = utf8mb3_bin;

-- ----------------------------
-- Table structure for ACT_RU_TASK
-- ----------------------------
DROP TABLE IF EXISTS `ACT_RU_TASK`;
CREATE TABLE `ACT_RU_TASK`  (
                                `ID_` varchar(64) CHARACTER SET utf8mb3 COLLATE utf8mb3_bin NOT NULL,
                                `REV_` int NULL DEFAULT NULL,
                                `EXECUTION_ID_` varchar(64) CHARACTER SET utf8mb3 COLLATE utf8mb3_bin NULL DEFAULT NULL,
                                `PROC_INST_ID_` varchar(64) CHARACTER SET utf8mb3 COLLATE utf8mb3_bin NULL DEFAULT NULL,
                                `PROC_DEF_ID_` varchar(64) CHARACTER SET utf8mb3 COLLATE utf8mb3_bin NULL DEFAULT NULL,
                                `TASK_DEF_ID_` varchar(64) CHARACTER SET utf8mb3 COLLATE utf8mb3_bin NULL DEFAULT NULL,
                                `SCOPE_ID_` varchar(255) CHARACTER SET utf8mb3 COLLATE utf8mb3_bin NULL DEFAULT NULL,
                                `SUB_SCOPE_ID_` varchar(255) CHARACTER SET utf8mb3 COLLATE utf8mb3_bin NULL DEFAULT NULL,
                                `SCOPE_TYPE_` varchar(255) CHARACTER SET utf8mb3 COLLATE utf8mb3_bin NULL DEFAULT NULL,
                                `SCOPE_DEFINITION_ID_` varchar(255) CHARACTER SET utf8mb3 COLLATE utf8mb3_bin NULL DEFAULT NULL,
                                `PROPAGATED_STAGE_INST_ID_` varchar(255) CHARACTER SET utf8mb3 COLLATE utf8mb3_bin NULL DEFAULT NULL,
                                `NAME_` varchar(255) CHARACTER SET utf8mb3 COLLATE utf8mb3_bin NULL DEFAULT NULL,
                                `PARENT_TASK_ID_` varchar(64) CHARACTER SET utf8mb3 COLLATE utf8mb3_bin NULL DEFAULT NULL,
                                `DESCRIPTION_` varchar(4000) CHARACTER SET utf8mb3 COLLATE utf8mb3_bin NULL DEFAULT NULL,
                                `TASK_DEF_KEY_` varchar(255) CHARACTER SET utf8mb3 COLLATE utf8mb3_bin NULL DEFAULT NULL,
                                `OWNER_` varchar(255) CHARACTER SET utf8mb3 COLLATE utf8mb3_bin NULL DEFAULT NULL,
                                `ASSIGNEE_` varchar(255) CHARACTER SET utf8mb3 COLLATE utf8mb3_bin NULL DEFAULT NULL,
                                `DELEGATION_` varchar(64) CHARACTER SET utf8mb3 COLLATE utf8mb3_bin NULL DEFAULT NULL,
                                `PRIORITY_` int NULL DEFAULT NULL,
                                `CREATE_TIME_` timestamp(3) NULL DEFAULT NULL,
                                `DUE_DATE_` datetime(3) NULL DEFAULT NULL,
                                `CATEGORY_` varchar(255) CHARACTER SET utf8mb3 COLLATE utf8mb3_bin NULL DEFAULT NULL,
                                `SUSPENSION_STATE_` int NULL DEFAULT NULL,
                                `TENANT_ID_` varchar(255) CHARACTER SET utf8mb3 COLLATE utf8mb3_bin NULL DEFAULT '',
                                `FORM_KEY_` varchar(255) CHARACTER SET utf8mb3 COLLATE utf8mb3_bin NULL DEFAULT NULL,
                                `CLAIM_TIME_` datetime(3) NULL DEFAULT NULL,
                                `IS_COUNT_ENABLED_` tinyint NULL DEFAULT NULL,
                                `VAR_COUNT_` int NULL DEFAULT NULL,
                                `ID_LINK_COUNT_` int NULL DEFAULT NULL,
                                `SUB_TASK_COUNT_` int NULL DEFAULT NULL,
                                PRIMARY KEY (`ID_`) USING BTREE,
                                INDEX `ACT_IDX_TASK_CREATE`(`CREATE_TIME_` ASC) USING BTREE,
                                INDEX `ACT_IDX_TASK_SCOPE`(`SCOPE_ID_` ASC, `SCOPE_TYPE_` ASC) USING BTREE,
                                INDEX `ACT_IDX_TASK_SUB_SCOPE`(`SUB_SCOPE_ID_` ASC, `SCOPE_TYPE_` ASC) USING BTREE,
                                INDEX `ACT_IDX_TASK_SCOPE_DEF`(`SCOPE_DEFINITION_ID_` ASC, `SCOPE_TYPE_` ASC) USING BTREE,
                                INDEX `ACT_FK_TASK_EXE`(`EXECUTION_ID_` ASC) USING BTREE,
                                INDEX `ACT_FK_TASK_PROCINST`(`PROC_INST_ID_` ASC) USING BTREE,
                                INDEX `ACT_FK_TASK_PROCDEF`(`PROC_DEF_ID_` ASC) USING BTREE,
                                CONSTRAINT `ACT_FK_TASK_EXE` FOREIGN KEY (`EXECUTION_ID_`) REFERENCES `ACT_RU_EXECUTION` (`ID_`) ON DELETE RESTRICT ON UPDATE RESTRICT,
                                CONSTRAINT `ACT_FK_TASK_PROCDEF` FOREIGN KEY (`PROC_DEF_ID_`) REFERENCES `ACT_RE_PROCDEF` (`ID_`) ON DELETE RESTRICT ON UPDATE RESTRICT,
                                CONSTRAINT `ACT_FK_TASK_PROCINST` FOREIGN KEY (`PROC_INST_ID_`) REFERENCES `ACT_RU_EXECUTION` (`ID_`) ON DELETE RESTRICT ON UPDATE RESTRICT
) ENGINE = InnoDB CHARACTER SET = utf8mb3 COLLATE = utf8mb3_bin;

-- ----------------------------
-- Table structure for ACT_RU_TIMER_JOB
-- ----------------------------
DROP TABLE IF EXISTS `ACT_RU_TIMER_JOB`;
CREATE TABLE `ACT_RU_TIMER_JOB`  (
                                     `ID_` varchar(64) CHARACTER SET utf8mb3 COLLATE utf8mb3_bin NOT NULL,
                                     `REV_` int NULL DEFAULT NULL,
                                     `CATEGORY_` varchar(255) CHARACTER SET utf8mb3 COLLATE utf8mb3_bin NULL DEFAULT NULL,
                                     `TYPE_` varchar(255) CHARACTER SET utf8mb3 COLLATE utf8mb3_bin NOT NULL,
                                     `LOCK_EXP_TIME_` timestamp(3) NULL DEFAULT NULL,
                                     `LOCK_OWNER_` varchar(255) CHARACTER SET utf8mb3 COLLATE utf8mb3_bin NULL DEFAULT NULL,
                                     `EXCLUSIVE_` tinyint(1) NULL DEFAULT NULL,
                                     `EXECUTION_ID_` varchar(64) CHARACTER SET utf8mb3 COLLATE utf8mb3_bin NULL DEFAULT NULL,
                                     `PROCESS_INSTANCE_ID_` varchar(64) CHARACTER SET utf8mb3 COLLATE utf8mb3_bin NULL DEFAULT NULL,
                                     `PROC_DEF_ID_` varchar(64) CHARACTER SET utf8mb3 COLLATE utf8mb3_bin NULL DEFAULT NULL,
                                     `ELEMENT_ID_` varchar(255) CHARACTER SET utf8mb3 COLLATE utf8mb3_bin NULL DEFAULT NULL,
                                     `ELEMENT_NAME_` varchar(255) CHARACTER SET utf8mb3 COLLATE utf8mb3_bin NULL DEFAULT NULL,
                                     `SCOPE_ID_` varchar(255) CHARACTER SET utf8mb3 COLLATE utf8mb3_bin NULL DEFAULT NULL,
                                     `SUB_SCOPE_ID_` varchar(255) CHARACTER SET utf8mb3 COLLATE utf8mb3_bin NULL DEFAULT NULL,
                                     `SCOPE_TYPE_` varchar(255) CHARACTER SET utf8mb3 COLLATE utf8mb3_bin NULL DEFAULT NULL,
                                     `SCOPE_DEFINITION_ID_` varchar(255) CHARACTER SET utf8mb3 COLLATE utf8mb3_bin NULL DEFAULT NULL,
                                     `CORRELATION_ID_` varchar(255) CHARACTER SET utf8mb3 COLLATE utf8mb3_bin NULL DEFAULT NULL,
                                     `RETRIES_` int NULL DEFAULT NULL,
                                     `EXCEPTION_STACK_ID_` varchar(64) CHARACTER SET utf8mb3 COLLATE utf8mb3_bin NULL DEFAULT NULL,
                                     `EXCEPTION_MSG_` varchar(4000) CHARACTER SET utf8mb3 COLLATE utf8mb3_bin NULL DEFAULT NULL,
                                     `DUEDATE_` timestamp(3) NULL DEFAULT NULL,
                                     `REPEAT_` varchar(255) CHARACTER SET utf8mb3 COLLATE utf8mb3_bin NULL DEFAULT NULL,
                                     `HANDLER_TYPE_` varchar(255) CHARACTER SET utf8mb3 COLLATE utf8mb3_bin NULL DEFAULT NULL,
                                     `HANDLER_CFG_` varchar(4000) CHARACTER SET utf8mb3 COLLATE utf8mb3_bin NULL DEFAULT NULL,
                                     `CUSTOM_VALUES_ID_` varchar(64) CHARACTER SET utf8mb3 COLLATE utf8mb3_bin NULL DEFAULT NULL,
                                     `CREATE_TIME_` timestamp(3) NULL DEFAULT NULL,
                                     `TENANT_ID_` varchar(255) CHARACTER SET utf8mb3 COLLATE utf8mb3_bin NULL DEFAULT '',
                                     PRIMARY KEY (`ID_`) USING BTREE,
                                     INDEX `ACT_IDX_TIMER_JOB_EXCEPTION_STACK_ID`(`EXCEPTION_STACK_ID_` ASC) USING BTREE,
                                     INDEX `ACT_IDX_TIMER_JOB_CUSTOM_VALUES_ID`(`CUSTOM_VALUES_ID_` ASC) USING BTREE,
                                     INDEX `ACT_IDX_TIMER_JOB_CORRELATION_ID`(`CORRELATION_ID_` ASC) USING BTREE,
                                     INDEX `ACT_IDX_TIMER_JOB_DUEDATE`(`DUEDATE_` ASC) USING BTREE,
                                     INDEX `ACT_IDX_TJOB_SCOPE`(`SCOPE_ID_` ASC, `SCOPE_TYPE_` ASC) USING BTREE,
                                     INDEX `ACT_IDX_TJOB_SUB_SCOPE`(`SUB_SCOPE_ID_` ASC, `SCOPE_TYPE_` ASC) USING BTREE,
                                     INDEX `ACT_IDX_TJOB_SCOPE_DEF`(`SCOPE_DEFINITION_ID_` ASC, `SCOPE_TYPE_` ASC) USING BTREE,
                                     INDEX `ACT_FK_TIMER_JOB_EXECUTION`(`EXECUTION_ID_` ASC) USING BTREE,
                                     INDEX `ACT_FK_TIMER_JOB_PROCESS_INSTANCE`(`PROCESS_INSTANCE_ID_` ASC) USING BTREE,
                                     INDEX `ACT_FK_TIMER_JOB_PROC_DEF`(`PROC_DEF_ID_` ASC) USING BTREE,
                                     CONSTRAINT `ACT_FK_TIMER_JOB_CUSTOM_VALUES` FOREIGN KEY (`CUSTOM_VALUES_ID_`) REFERENCES `ACT_GE_BYTEARRAY` (`ID_`) ON DELETE RESTRICT ON UPDATE RESTRICT,
                                     CONSTRAINT `ACT_FK_TIMER_JOB_EXCEPTION` FOREIGN KEY (`EXCEPTION_STACK_ID_`) REFERENCES `ACT_GE_BYTEARRAY` (`ID_`) ON DELETE RESTRICT ON UPDATE RESTRICT,
                                     CONSTRAINT `ACT_FK_TIMER_JOB_EXECUTION` FOREIGN KEY (`EXECUTION_ID_`) REFERENCES `ACT_RU_EXECUTION` (`ID_`) ON DELETE RESTRICT ON UPDATE RESTRICT,
                                     CONSTRAINT `ACT_FK_TIMER_JOB_PROC_DEF` FOREIGN KEY (`PROC_DEF_ID_`) REFERENCES `ACT_RE_PROCDEF` (`ID_`) ON DELETE RESTRICT ON UPDATE RESTRICT,
                                     CONSTRAINT `ACT_FK_TIMER_JOB_PROCESS_INSTANCE` FOREIGN KEY (`PROCESS_INSTANCE_ID_`) REFERENCES `ACT_RU_EXECUTION` (`ID_`) ON DELETE RESTRICT ON UPDATE RESTRICT
) ENGINE = InnoDB CHARACTER SET = utf8mb3 COLLATE = utf8mb3_bin;

-- ----------------------------
-- Table structure for ACT_RU_VARIABLE
-- ----------------------------
DROP TABLE IF EXISTS `ACT_RU_VARIABLE`;
CREATE TABLE `ACT_RU_VARIABLE`  (
                                    `ID_` varchar(64) CHARACTER SET utf8mb3 COLLATE utf8mb3_bin NOT NULL,
                                    `REV_` int NULL DEFAULT NULL,
                                    `TYPE_` varchar(255) CHARACTER SET utf8mb3 COLLATE utf8mb3_bin NOT NULL,
                                    `NAME_` varchar(255) CHARACTER SET utf8mb3 COLLATE utf8mb3_bin NOT NULL,
                                    `EXECUTION_ID_` varchar(64) CHARACTER SET utf8mb3 COLLATE utf8mb3_bin NULL DEFAULT NULL,
                                    `PROC_INST_ID_` varchar(64) CHARACTER SET utf8mb3 COLLATE utf8mb3_bin NULL DEFAULT NULL,
                                    `TASK_ID_` varchar(64) CHARACTER SET utf8mb3 COLLATE utf8mb3_bin NULL DEFAULT NULL,
                                    `SCOPE_ID_` varchar(255) CHARACTER SET utf8mb3 COLLATE utf8mb3_bin NULL DEFAULT NULL,
                                    `SUB_SCOPE_ID_` varchar(255) CHARACTER SET utf8mb3 COLLATE utf8mb3_bin NULL DEFAULT NULL,
                                    `SCOPE_TYPE_` varchar(255) CHARACTER SET utf8mb3 COLLATE utf8mb3_bin NULL DEFAULT NULL,
                                    `BYTEARRAY_ID_` varchar(64) CHARACTER SET utf8mb3 COLLATE utf8mb3_bin NULL DEFAULT NULL,
                                    `DOUBLE_` double NULL DEFAULT NULL,
                                    `LONG_` bigint NULL DEFAULT NULL,
                                    `TEXT_` varchar(4000) CHARACTER SET utf8mb3 COLLATE utf8mb3_bin NULL DEFAULT NULL,
                                    `TEXT2_` varchar(4000) CHARACTER SET utf8mb3 COLLATE utf8mb3_bin NULL DEFAULT NULL,
                                    PRIMARY KEY (`ID_`) USING BTREE,
                                    INDEX `ACT_IDX_RU_VAR_SCOPE_ID_TYPE`(`SCOPE_ID_` ASC, `SCOPE_TYPE_` ASC) USING BTREE,
                                    INDEX `ACT_IDX_RU_VAR_SUB_ID_TYPE`(`SUB_SCOPE_ID_` ASC, `SCOPE_TYPE_` ASC) USING BTREE,
                                    INDEX `ACT_FK_VAR_BYTEARRAY`(`BYTEARRAY_ID_` ASC) USING BTREE,
                                    INDEX `ACT_IDX_VARIABLE_TASK_ID`(`TASK_ID_` ASC) USING BTREE,
                                    INDEX `ACT_FK_VAR_EXE`(`EXECUTION_ID_` ASC) USING BTREE,
                                    INDEX `ACT_FK_VAR_PROCINST`(`PROC_INST_ID_` ASC) USING BTREE,
                                    CONSTRAINT `ACT_FK_VAR_BYTEARRAY` FOREIGN KEY (`BYTEARRAY_ID_`) REFERENCES `ACT_GE_BYTEARRAY` (`ID_`) ON DELETE RESTRICT ON UPDATE RESTRICT,
                                    CONSTRAINT `ACT_FK_VAR_EXE` FOREIGN KEY (`EXECUTION_ID_`) REFERENCES `ACT_RU_EXECUTION` (`ID_`) ON DELETE RESTRICT ON UPDATE RESTRICT,
                                    CONSTRAINT `ACT_FK_VAR_PROCINST` FOREIGN KEY (`PROC_INST_ID_`) REFERENCES `ACT_RU_EXECUTION` (`ID_`) ON DELETE RESTRICT ON UPDATE RESTRICT
) ENGINE = InnoDB CHARACTER SET = utf8mb3 COLLATE = utf8mb3_bin;

-- ----------------------------
-- Table structure for FLW_CHANNEL_DEFINITION
-- ----------------------------
DROP TABLE IF EXISTS `FLW_CHANNEL_DEFINITION`;
CREATE TABLE `FLW_CHANNEL_DEFINITION`  (
                                           `ID_` varchar(255) CHARACTER SET utf8mb4 COLLATE utf8mb4_general_ci NOT NULL,
                                           `NAME_` varchar(255) CHARACTER SET utf8mb4 COLLATE utf8mb4_general_ci NULL DEFAULT NULL,
                                           `VERSION_` int NULL DEFAULT NULL,
                                           `KEY_` varchar(255) CHARACTER SET utf8mb4 COLLATE utf8mb4_general_ci NULL DEFAULT NULL,
                                           `CATEGORY_` varchar(255) CHARACTER SET utf8mb4 COLLATE utf8mb4_general_ci NULL DEFAULT NULL,
                                           `DEPLOYMENT_ID_` varchar(255) CHARACTER SET utf8mb4 COLLATE utf8mb4_general_ci NULL DEFAULT NULL,
                                           `CREATE_TIME_` datetime(3) NULL DEFAULT NULL,
                                           `TENANT_ID_` varchar(255) CHARACTER SET utf8mb4 COLLATE utf8mb4_general_ci NULL DEFAULT NULL,
                                           `RESOURCE_NAME_` varchar(255) CHARACTER SET utf8mb4 COLLATE utf8mb4_general_ci NULL DEFAULT NULL,
                                           `DESCRIPTION_` varchar(255) CHARACTER SET utf8mb4 COLLATE utf8mb4_general_ci NULL DEFAULT NULL,
                                           `TYPE_` varchar(255) CHARACTER SET utf8mb4 COLLATE utf8mb4_general_ci NULL DEFAULT NULL,
                                           `IMPLEMENTATION_` varchar(255) CHARACTER SET utf8mb4 COLLATE utf8mb4_general_ci NULL DEFAULT NULL,
                                           PRIMARY KEY (`ID_`) USING BTREE,
                                           UNIQUE INDEX `ACT_IDX_CHANNEL_DEF_UNIQ`(`KEY_` ASC, `VERSION_` ASC, `TENANT_ID_` ASC) USING BTREE
) ENGINE = InnoDB CHARACTER SET = utf8mb4 COLLATE = utf8mb4_general_ci;

-- ----------------------------
-- Table structure for FLW_EVENT_DEFINITION
-- ----------------------------
DROP TABLE IF EXISTS `FLW_EVENT_DEFINITION`;
CREATE TABLE `FLW_EVENT_DEFINITION`  (
                                         `ID_` varchar(255) CHARACTER SET utf8mb4 COLLATE utf8mb4_general_ci NOT NULL,
                                         `NAME_` varchar(255) CHARACTER SET utf8mb4 COLLATE utf8mb4_general_ci NULL DEFAULT NULL,
                                         `VERSION_` int NULL DEFAULT NULL,
                                         `KEY_` varchar(255) CHARACTER SET utf8mb4 COLLATE utf8mb4_general_ci NULL DEFAULT NULL,
                                         `CATEGORY_` varchar(255) CHARACTER SET utf8mb4 COLLATE utf8mb4_general_ci NULL DEFAULT NULL,
                                         `DEPLOYMENT_ID_` varchar(255) CHARACTER SET utf8mb4 COLLATE utf8mb4_general_ci NULL DEFAULT NULL,
                                         `TENANT_ID_` varchar(255) CHARACTER SET utf8mb4 COLLATE utf8mb4_general_ci NULL DEFAULT NULL,
                                         `RESOURCE_NAME_` varchar(255) CHARACTER SET utf8mb4 COLLATE utf8mb4_general_ci NULL DEFAULT NULL,
                                         `DESCRIPTION_` varchar(255) CHARACTER SET utf8mb4 COLLATE utf8mb4_general_ci NULL DEFAULT NULL,
                                         PRIMARY KEY (`ID_`) USING BTREE,
                                         UNIQUE INDEX `ACT_IDX_EVENT_DEF_UNIQ`(`KEY_` ASC, `VERSION_` ASC, `TENANT_ID_` ASC) USING BTREE
) ENGINE = InnoDB CHARACTER SET = utf8mb4 COLLATE = utf8mb4_general_ci;

-- ----------------------------
-- Table structure for FLW_EVENT_DEPLOYMENT
-- ----------------------------
DROP TABLE IF EXISTS `FLW_EVENT_DEPLOYMENT`;
CREATE TABLE `FLW_EVENT_DEPLOYMENT`  (
                                         `ID_` varchar(255) CHARACTER SET utf8mb4 COLLATE utf8mb4_general_ci NOT NULL,
                                         `NAME_` varchar(255) CHARACTER SET utf8mb4 COLLATE utf8mb4_general_ci NULL DEFAULT NULL,
                                         `CATEGORY_` varchar(255) CHARACTER SET utf8mb4 COLLATE utf8mb4_general_ci NULL DEFAULT NULL,
                                         `DEPLOY_TIME_` datetime(3) NULL DEFAULT NULL,
                                         `TENANT_ID_` varchar(255) CHARACTER SET utf8mb4 COLLATE utf8mb4_general_ci NULL DEFAULT NULL,
                                         `PARENT_DEPLOYMENT_ID_` varchar(255) CHARACTER SET utf8mb4 COLLATE utf8mb4_general_ci NULL DEFAULT NULL,
                                         PRIMARY KEY (`ID_`) USING BTREE
) ENGINE = InnoDB CHARACTER SET = utf8mb4 COLLATE = utf8mb4_general_ci;

-- ----------------------------
-- Table structure for FLW_EVENT_RESOURCE
-- ----------------------------
DROP TABLE IF EXISTS `FLW_EVENT_RESOURCE`;
CREATE TABLE `FLW_EVENT_RESOURCE`  (
                                       `ID_` varchar(255) CHARACTER SET utf8mb4 COLLATE utf8mb4_general_ci NOT NULL,
                                       `NAME_` varchar(255) CHARACTER SET utf8mb4 COLLATE utf8mb4_general_ci NULL DEFAULT NULL,
                                       `DEPLOYMENT_ID_` varchar(255) CHARACTER SET utf8mb4 COLLATE utf8mb4_general_ci NULL DEFAULT NULL,
                                       `RESOURCE_BYTES_` longblob NULL,
                                       PRIMARY KEY (`ID_`) USING BTREE
) ENGINE = InnoDB CHARACTER SET = utf8mb4 COLLATE = utf8mb4_general_ci;

-- ----------------------------
-- Table structure for FLW_EV_DATABASECHANGELOG
-- ----------------------------
DROP TABLE IF EXISTS `FLW_EV_DATABASECHANGELOG`;
CREATE TABLE `FLW_EV_DATABASECHANGELOG`  (
                                             `ID` varchar(255) CHARACTER SET utf8mb4 COLLATE utf8mb4_general_ci NOT NULL,
                                             `AUTHOR` varchar(255) CHARACTER SET utf8mb4 COLLATE utf8mb4_general_ci NOT NULL,
                                             `FILENAME` varchar(255) CHARACTER SET utf8mb4 COLLATE utf8mb4_general_ci NOT NULL,
                                             `DATEEXECUTED` datetime NOT NULL,
                                             `ORDEREXECUTED` int NOT NULL,
                                             `EXECTYPE` varchar(10) CHARACTER SET utf8mb4 COLLATE utf8mb4_general_ci NOT NULL,
                                             `MD5SUM` varchar(35) CHARACTER SET utf8mb4 COLLATE utf8mb4_general_ci NULL DEFAULT NULL,
                                             `DESCRIPTION` varchar(255) CHARACTER SET utf8mb4 COLLATE utf8mb4_general_ci NULL DEFAULT NULL,
                                             `COMMENTS` varchar(255) CHARACTER SET utf8mb4 COLLATE utf8mb4_general_ci NULL DEFAULT NULL,
                                             `TAG` varchar(255) CHARACTER SET utf8mb4 COLLATE utf8mb4_general_ci NULL DEFAULT NULL,
                                             `LIQUIBASE` varchar(20) CHARACTER SET utf8mb4 COLLATE utf8mb4_general_ci NULL DEFAULT NULL,
                                             `CONTEXTS` varchar(255) CHARACTER SET utf8mb4 COLLATE utf8mb4_general_ci NULL DEFAULT NULL,
                                             `LABELS` varchar(255) CHARACTER SET utf8mb4 COLLATE utf8mb4_general_ci NULL DEFAULT NULL,
                                             `DEPLOYMENT_ID` varchar(10) CHARACTER SET utf8mb4 COLLATE utf8mb4_general_ci NULL DEFAULT NULL
) ENGINE = InnoDB CHARACTER SET = utf8mb4 COLLATE = utf8mb4_general_ci;

-- ----------------------------
-- Records of FLW_EV_DATABASECHANGELOG
-- ----------------------------
BEGIN;
INSERT INTO `FLW_EV_DATABASECHANGELOG` (`ID`, `AUTHOR`, `FILENAME`, `DATEEXECUTED`, `ORDEREXECUTED`, `EXECTYPE`, `MD5SUM`, `DESCRIPTION`, `COMMENTS`, `TAG`, `LIQUIBASE`, `CONTEXTS`, `LABELS`, `DEPLOYMENT_ID`) VALUES ('1', 'flowable', 'org/flowable/eventregistry/db/liquibase/flowable-eventregistry-db-changelog.xml', '2023-03-08 15:18:42', 1, 'EXECUTED', '8:1b0c48c9cf7945be799d868a2626d687', 'createTable tableName=FLW_EVENT_DEPLOYMENT; createTable tableName=FLW_EVENT_RESOURCE; createTable tableName=FLW_EVENT_DEFINITION; createIndex indexName=ACT_IDX_EVENT_DEF_UNIQ, tableName=FLW_EVENT_DEFINITION; createTable tableName=FLW_CHANNEL_DEFIN...', '', NULL, '4.3.5', NULL, NULL, '8259922348'), ('2', 'flowable', 'org/flowable/eventregistry/db/liquibase/flowable-eventregistry-db-changelog.xml', '2023-03-08 15:18:42', 2, 'EXECUTED', '8:0ea825feb8e470558f0b5754352b9cda', 'addColumn tableName=FLW_CHANNEL_DEFINITION; addColumn tableName=FLW_CHANNEL_DEFINITION', '', NULL, '4.3.5', NULL, NULL, '8259922348'), ('3', 'flowable', 'org/flowable/eventregistry/db/liquibase/flowable-eventregistry-db-changelog.xml', '2023-03-08 15:18:42', 3, 'EXECUTED', '8:3c2bb293350b5cbe6504331980c9dcee', 'customChange', '', NULL, '4.3.5', NULL, NULL, '8259922348'), ('1', 'flowable', 'org/flowable/eventregistry/db/liquibase/flowable-eventregistry-db-changelog.xml', '2023-03-08 15:18:42', 1, 'EXECUTED', '8:1b0c48c9cf7945be799d868a2626d687', 'createTable tableName=FLW_EVENT_DEPLOYMENT; createTable tableName=FLW_EVENT_RESOURCE; createTable tableName=FLW_EVENT_DEFINITION; createIndex indexName=ACT_IDX_EVENT_DEF_UNIQ, tableName=FLW_EVENT_DEFINITION; createTable tableName=FLW_CHANNEL_DEFIN...', '', NULL, '4.3.5', NULL, NULL, '8259922348'), ('2', 'flowable', 'org/flowable/eventregistry/db/liquibase/flowable-eventregistry-db-changelog.xml', '2023-03-08 15:18:42', 2, 'EXECUTED', '8:0ea825feb8e470558f0b5754352b9cda', 'addColumn tableName=FLW_CHANNEL_DEFINITION; addColumn tableName=FLW_CHANNEL_DEFINITION', '', NULL, '4.3.5', NULL, NULL, '8259922348'), ('3', 'flowable', 'org/flowable/eventregistry/db/liquibase/flowable-eventregistry-db-changelog.xml', '2023-03-08 15:18:42', 3, 'EXECUTED', '8:3c2bb293350b5cbe6504331980c9dcee', 'customChange', '', NULL, '4.3.5', NULL, NULL, '8259922348');


-- ----------------------------
-- Table structure for FLW_EV_DATABASECHANGELOGLOCK
-- ----------------------------
DROP TABLE IF EXISTS `FLW_EV_DATABASECHANGELOGLOCK`;
CREATE TABLE `FLW_EV_DATABASECHANGELOGLOCK`  (
                                                 `ID` int NOT NULL,
                                                 `LOCKED` bit(1) NOT NULL,
                                                 `LOCKGRANTED` datetime NULL DEFAULT NULL,
                                                 `LOCKEDBY` varchar(255) CHARACTER SET utf8mb4 COLLATE utf8mb4_general_ci NULL DEFAULT NULL,
                                                 PRIMARY KEY (`ID`) USING BTREE
) ENGINE = InnoDB CHARACTER SET = utf8mb4 COLLATE = utf8mb4_general_ci;

-- ----------------------------
-- Records of FLW_EV_DATABASECHANGELOGLOCK
-- ----------------------------
BEGIN;
INSERT INTO `FLW_EV_DATABASECHANGELOGLOCK` (`ID`, `LOCKED`, `LOCKGRANTED`, `LOCKEDBY`) VALUES (1, b'0', NULL, NULL);
COMMIT;



-- ----------------------------
-- Table structure for FLW_RU_BATCH
-- ----------------------------
DROP TABLE IF EXISTS `FLW_RU_BATCH`;
CREATE TABLE `FLW_RU_BATCH`  (
                                 `ID_` varchar(64) CHARACTER SET utf8mb3 COLLATE utf8mb3_bin NOT NULL,
                                 `REV_` int NULL DEFAULT NULL,
                                 `TYPE_` varchar(64) CHARACTER SET utf8mb3 COLLATE utf8mb3_bin NOT NULL,
                                 `SEARCH_KEY_` varchar(255) CHARACTER SET utf8mb3 COLLATE utf8mb3_bin NULL DEFAULT NULL,
                                 `SEARCH_KEY2_` varchar(255) CHARACTER SET utf8mb3 COLLATE utf8mb3_bin NULL DEFAULT NULL,
                                 `CREATE_TIME_` datetime(3) NOT NULL,
                                 `COMPLETE_TIME_` datetime(3) NULL DEFAULT NULL,
                                 `STATUS_` varchar(255) CHARACTER SET utf8mb3 COLLATE utf8mb3_bin NULL DEFAULT NULL,
                                 `BATCH_DOC_ID_` varchar(64) CHARACTER SET utf8mb3 COLLATE utf8mb3_bin NULL DEFAULT NULL,
                                 `TENANT_ID_` varchar(255) CHARACTER SET utf8mb3 COLLATE utf8mb3_bin NULL DEFAULT '',
                                 PRIMARY KEY (`ID_`) USING BTREE
) ENGINE = InnoDB CHARACTER SET = utf8mb3 COLLATE = utf8mb3_bin;

-- ----------------------------
-- Table structure for FLW_RU_BATCH_PART
-- ----------------------------
DROP TABLE IF EXISTS `FLW_RU_BATCH_PART`;
CREATE TABLE `FLW_RU_BATCH_PART`  (
                                      `ID_` varchar(64) CHARACTER SET utf8mb3 COLLATE utf8mb3_bin NOT NULL,
                                      `REV_` int NULL DEFAULT NULL,
                                      `BATCH_ID_` varchar(64) CHARACTER SET utf8mb3 COLLATE utf8mb3_bin NULL DEFAULT NULL,
                                      `TYPE_` varchar(64) CHARACTER SET utf8mb3 COLLATE utf8mb3_bin NOT NULL,
                                      `SCOPE_ID_` varchar(64) CHARACTER SET utf8mb3 COLLATE utf8mb3_bin NULL DEFAULT NULL,
                                      `SUB_SCOPE_ID_` varchar(64) CHARACTER SET utf8mb3 COLLATE utf8mb3_bin NULL DEFAULT NULL,
                                      `SCOPE_TYPE_` varchar(64) CHARACTER SET utf8mb3 COLLATE utf8mb3_bin NULL DEFAULT NULL,
                                      `SEARCH_KEY_` varchar(255) CHARACTER SET utf8mb3 COLLATE utf8mb3_bin NULL DEFAULT NULL,
                                      `SEARCH_KEY2_` varchar(255) CHARACTER SET utf8mb3 COLLATE utf8mb3_bin NULL DEFAULT NULL,
                                      `CREATE_TIME_` datetime(3) NOT NULL,
                                      `COMPLETE_TIME_` datetime(3) NULL DEFAULT NULL,
                                      `STATUS_` varchar(255) CHARACTER SET utf8mb3 COLLATE utf8mb3_bin NULL DEFAULT NULL,
                                      `RESULT_DOC_ID_` varchar(64) CHARACTER SET utf8mb3 COLLATE utf8mb3_bin NULL DEFAULT NULL,
                                      `TENANT_ID_` varchar(255) CHARACTER SET utf8mb3 COLLATE utf8mb3_bin NULL DEFAULT '',
                                      PRIMARY KEY (`ID_`) USING BTREE,
                                      INDEX `FLW_IDX_BATCH_PART`(`BATCH_ID_` ASC) USING BTREE,
                                      CONSTRAINT `FLW_FK_BATCH_PART_PARENT` FOREIGN KEY (`BATCH_ID_`) REFERENCES `FLW_RU_BATCH` (`ID_`) ON DELETE RESTRICT ON UPDATE RESTRICT
) ENGINE = InnoDB CHARACTER SET = utf8mb3 COLLATE = utf8mb3_bin;

-- ----------------------------
-- Table structure for gen_table
-- ----------------------------
DROP TABLE IF EXISTS `gen_table`;
CREATE TABLE `gen_table`  (
                              `table_id` bigint NOT NULL AUTO_INCREMENT COMMENT '',
                              `table_name` varchar(200) CHARACTER SET utf8mb4 COLLATE utf8mb4_general_ci NULL DEFAULT '' COMMENT '',
                              `table_comment` varchar(500) CHARACTER SET utf8mb4 COLLATE utf8mb4_general_ci NULL DEFAULT '' COMMENT '',
                              `sub_table_name` varchar(64) CHARACTER SET utf8mb4 COLLATE utf8mb4_general_ci NULL DEFAULT NULL COMMENT '',
                              `sub_table_fk_name` varchar(64) CHARACTER SET utf8mb4 COLLATE utf8mb4_general_ci NULL DEFAULT NULL COMMENT '',
                              `class_name` varchar(100) CHARACTER SET utf8mb4 COLLATE utf8mb4_general_ci NULL DEFAULT '' COMMENT '',
                              `tpl_category` varchar(200) CHARACTER SET utf8mb4 COLLATE utf8mb4_general_ci NULL DEFAULT 'crud' COMMENT 'crud tree',
                              `package_name` varchar(100) CHARACTER SET utf8mb4 COLLATE utf8mb4_general_ci NULL DEFAULT NULL COMMENT '',
                              `module_name` varchar(30) CHARACTER SET utf8mb4 COLLATE utf8mb4_general_ci NULL DEFAULT NULL COMMENT '',
                              `business_name` varchar(30) CHARACTER SET utf8mb4 COLLATE utf8mb4_general_ci NULL DEFAULT NULL COMMENT '',
                              `function_name` varchar(50) CHARACTER SET utf8mb4 COLLATE utf8mb4_general_ci NULL DEFAULT NULL COMMENT '',
                              `function_author` varchar(50) CHARACTER SET utf8mb4 COLLATE utf8mb4_general_ci NULL DEFAULT NULL COMMENT '',
                              `gen_type` char(1) CHARACTER SET utf8mb4 COLLATE utf8mb4_general_ci NULL DEFAULT '0' COMMENT '0zip 1',
                              `gen_path` varchar(200) CHARACTER SET utf8mb4 COLLATE utf8mb4_general_ci NULL DEFAULT '/' COMMENT '',
                              `options` varchar(1000) CHARACTER SET utf8mb4 COLLATE utf8mb4_general_ci NULL DEFAULT NULL COMMENT '',
                              `create_by` varchar(64) CHARACTER SET utf8mb4 COLLATE utf8mb4_general_ci NULL DEFAULT '' COMMENT '',
                              `create_time` datetime NULL DEFAULT NULL COMMENT '',
                              `update_by` varchar(64) CHARACTER SET utf8mb4 COLLATE utf8mb4_general_ci NULL DEFAULT '' COMMENT '',
                              `update_time` datetime NULL DEFAULT NULL COMMENT '',
                              `remark` varchar(500) CHARACTER SET utf8mb4 COLLATE utf8mb4_general_ci NULL DEFAULT NULL COMMENT '',
                              PRIMARY KEY (`table_id`) USING BTREE
) ENGINE = InnoDB AUTO_INCREMENT = 9 CHARACTER SET = utf8mb4 COLLATE = utf8mb4_general_ci COMMENT = '';

-- ----------------------------
-- Table structure for gen_table_column
-- ----------------------------
DROP TABLE IF EXISTS `gen_table_column`;
CREATE TABLE `gen_table_column`  (
                                     `column_id` bigint NOT NULL AUTO_INCREMENT COMMENT '',
                                     `table_id` varchar(64) CHARACTER SET utf8mb4 COLLATE utf8mb4_general_ci NULL DEFAULT NULL COMMENT '',
                                     `column_name` varchar(200) CHARACTER SET utf8mb4 COLLATE utf8mb4_general_ci NULL DEFAULT NULL COMMENT '',
                                     `column_comment` varchar(500) CHARACTER SET utf8mb4 COLLATE utf8mb4_general_ci NULL DEFAULT NULL COMMENT '',
                                     `column_type` varchar(100) CHARACTER SET utf8mb4 COLLATE utf8mb4_general_ci NULL DEFAULT NULL COMMENT '',
                                     `java_type` varchar(500) CHARACTER SET utf8mb4 COLLATE utf8mb4_general_ci NULL DEFAULT NULL COMMENT 'JAVA',
                                     `java_field` varchar(200) CHARACTER SET utf8mb4 COLLATE utf8mb4_general_ci NULL DEFAULT NULL COMMENT 'JAVA',
                                     `is_pk` char(1) CHARACTER SET utf8mb4 COLLATE utf8mb4_general_ci NULL DEFAULT NULL COMMENT '1',
                                     `is_increment` char(1) CHARACTER SET utf8mb4 COLLATE utf8mb4_general_ci NULL DEFAULT NULL COMMENT '1',
                                     `is_required` char(1) CHARACTER SET utf8mb4 COLLATE utf8mb4_general_ci NULL DEFAULT NULL COMMENT '1',
                                     `is_insert` char(1) CHARACTER SET utf8mb4 COLLATE utf8mb4_general_ci NULL DEFAULT NULL COMMENT '1',
                                     `is_edit` char(1) CHARACTER SET utf8mb4 COLLATE utf8mb4_general_ci NULL DEFAULT NULL COMMENT '1',
                                     `is_list` char(1) CHARACTER SET utf8mb4 COLLATE utf8mb4_general_ci NULL DEFAULT NULL COMMENT '1',
                                     `is_query` char(1) CHARACTER SET utf8mb4 COLLATE utf8mb4_general_ci NULL DEFAULT NULL COMMENT '1',
                                     `query_type` varchar(200) CHARACTER SET utf8mb4 COLLATE utf8mb4_general_ci NULL DEFAULT 'EQ' COMMENT '',
                                     `html_type` varchar(200) CHARACTER SET utf8mb4 COLLATE utf8mb4_general_ci NULL DEFAULT NULL COMMENT '',
                                     `dict_type` varchar(200) CHARACTER SET utf8mb4 COLLATE utf8mb4_general_ci NULL DEFAULT '' COMMENT '',
                                     `sort` int NULL DEFAULT NULL COMMENT '',
                                     `create_by` varchar(64) CHARACTER SET utf8mb4 COLLATE utf8mb4_general_ci NULL DEFAULT '' COMMENT '',
                                     `create_time` datetime NULL DEFAULT NULL COMMENT '',
                                     `update_by` varchar(64) CHARACTER SET utf8mb4 COLLATE utf8mb4_general_ci NULL DEFAULT '' COMMENT '',
                                     `update_time` datetime NULL DEFAULT NULL COMMENT '',
                                     PRIMARY KEY (`column_id`) USING BTREE
) ENGINE = InnoDB AUTO_INCREMENT = 116 CHARACTER SET = utf8mb4 COLLATE = utf8mb4_general_ci COMMENT = '';

-- ----------------------------
-- Table structure for pmhub_approval_template
-- ----------------------------
DROP TABLE IF EXISTS `pmhub_approval_template`;
CREATE TABLE `pmhub_approval_template`  (
                                            `id` varchar(64) CHARACTER SET utf8mb4 COLLATE utf8mb4_general_ci NOT NULL,
                                            `template_id` varchar(64) CHARACTER SET utf8mb4 COLLATE utf8mb4_general_ci NOT NULL COMMENT 'id',
                                            `template_name` varchar(255) CHARACTER SET utf8mb4 COLLATE utf8mb4_general_ci NOT NULL COMMENT '',
                                            `file_url` varchar(255) CHARACTER SET utf8mb4 COLLATE utf8mb4_general_ci NULL DEFAULT NULL,
                                            `path_name` varchar(255) CHARACTER SET utf8mb4 COLLATE utf8mb4_general_ci NULL DEFAULT NULL,
                                            `created_by` varchar(64) CHARACTER SET utf8mb4 COLLATE utf8mb4_general_ci NULL DEFAULT NULL,
                                            `created_time` datetime NULL DEFAULT NULL,
                                            `updated_by` varchar(64) CHARACTER SET utf8mb4 COLLATE utf8mb4_general_ci NULL DEFAULT NULL,
                                            `updated_time` datetime NULL DEFAULT NULL,
                                            PRIMARY KEY (`id`) USING BTREE
) ENGINE = InnoDB CHARACTER SET = utf8mb4 COLLATE = utf8mb4_general_ci;

-- ----------------------------
-- Table structure for pmhub_async
-- ----------------------------
DROP TABLE IF EXISTS `pmhub_async`;
CREATE TABLE `pmhub_async`  (
                                `id` varchar(64) CHARACTER SET utf8mb4 COLLATE utf8mb4_general_ci NOT NULL COMMENT 'id',
                                `async_type` varchar(64) CHARACTER SET utf8mb4 COLLATE utf8mb4_general_ci NOT NULL COMMENT '',
                                `async_name` varchar(512) CHARACTER SET utf8mb4 COLLATE utf8mb4_general_ci NOT NULL COMMENT '',
                                `async_desc` varchar(2048) CHARACTER SET utf8mb4 COLLATE utf8mb4_general_ci NULL DEFAULT NULL COMMENT '',
                                `create_time` datetime NOT NULL COMMENT '',
                                `create_by` varchar(64) CHARACTER SET utf8mb4 COLLATE utf8mb4_general_ci NOT NULL COMMENT '',
                                `update_time` datetime NOT NULL COMMENT '',
                                `update_by` varchar(64) CHARACTER SET utf8mb4 COLLATE utf8mb4_general_ci NULL DEFAULT NULL,
                                `async_schedule` decimal(10, 0) NULL DEFAULT NULL COMMENT '0-100',
                                `finish_time` datetime NULL DEFAULT NULL COMMENT '',
                                `async_status` int NOT NULL COMMENT '0  1  2 ',
                                `async_log` json NULL COMMENT '',
                                `file` varchar(10240) CHARACTER SET utf8mb4 COLLATE utf8mb4_general_ci NULL DEFAULT NULL COMMENT '',
                                `deleted` int NULL DEFAULT NULL
) ENGINE = InnoDB CHARACTER SET = utf8mb4 COLLATE = utf8mb4_general_ci COMMENT = '';

-- ----------------------------
-- Table structure for pmhub_document_data
-- ----------------------------
DROP TABLE IF EXISTS `pmhub_document_data`;
CREATE TABLE `pmhub_document_data`  (
                                        `id` varchar(64) CHARACTER SET utf8mb4 COLLATE utf8mb4_general_ci NOT NULL,
                                        `module_name` varchar(64) CHARACTER SET utf8mb4 COLLATE utf8mb4_general_ci NULL DEFAULT NULL COMMENT '',
                                        `module_type` int NULL DEFAULT NULL COMMENT '',
                                        `document_type` varchar(64) CHARACTER SET utf8mb4 COLLATE utf8mb4_general_ci NULL DEFAULT NULL COMMENT '',
                                        `document_name` varchar(64) CHARACTER SET utf8mb4 COLLATE utf8mb4_general_ci NULL DEFAULT NULL COMMENT '',
                                        `sort` int NULL DEFAULT NULL COMMENT '',
                                        `audited` tinyint(1) NOT NULL DEFAULT 0 COMMENT '',
                                        `template_id` varchar(64) CHARACTER SET utf8mb4 COLLATE utf8mb4_general_ci NULL DEFAULT NULL COMMENT 'id',
                                        `created_by` varchar(64) CHARACTER SET utf8mb4 COLLATE utf8mb4_general_ci NULL DEFAULT NULL,
                                        `created_time` datetime NULL DEFAULT NULL,
                                        `updated_by` varchar(64) CHARACTER SET utf8mb4 COLLATE utf8mb4_general_ci NULL DEFAULT NULL,
                                        `updated_time` datetime NULL DEFAULT NULL,
                                        `type` varchar(32) CHARACTER SET utf8mb4 COLLATE utf8mb4_general_ci NOT NULL COMMENT '',
                                        `document_type_id` varchar(64) CHARACTER SET utf8mb4 COLLATE utf8mb4_general_ci NOT NULL COMMENT 'id',
                                        PRIMARY KEY (`id`) USING BTREE
) ENGINE = InnoDB CHARACTER SET = utf8mb4 COLLATE = utf8mb4_general_ci;

-- ----------------------------
-- Table structure for pmhub_document_type
-- ----------------------------
DROP TABLE IF EXISTS `pmhub_document_type`;
CREATE TABLE `pmhub_document_type`  (
                                        `id` varchar(64) CHARACTER SET utf8mb4 COLLATE utf8mb4_general_ci NOT NULL,
                                        `type_name` varchar(64) CHARACTER SET utf8mb4 COLLATE utf8mb4_general_ci NULL DEFAULT NULL COMMENT '',
                                        `pid` varchar(64) CHARACTER SET utf8mb4 COLLATE utf8mb4_general_ci NULL DEFAULT NULL COMMENT 'id',
                                        `sort` int NULL DEFAULT NULL COMMENT '',
                                        `created_by` varchar(64) CHARACTER SET utf8mb4 COLLATE utf8mb4_general_ci NULL DEFAULT NULL,
                                        `created_time` datetime NULL DEFAULT NULL,
                                        `updated_by` varchar(64) CHARACTER SET utf8mb4 COLLATE utf8mb4_general_ci NULL DEFAULT NULL,
                                        `updated_time` datetime NULL DEFAULT NULL,
                                        `joint_name` varchar(100) CHARACTER SET utf8mb4 COLLATE utf8mb4_general_ci NULL DEFAULT NULL,
                                        `type` varchar(64) CHARACTER SET utf8mb4 COLLATE utf8mb4_general_ci NULL DEFAULT NULL,
                                        PRIMARY KEY (`id`) USING BTREE
) ENGINE = InnoDB CHARACTER SET = utf8mb4 COLLATE = utf8mb4_general_ci COMMENT = '';

-- ----------------------------
-- Table structure for pmhub_materials
-- ----------------------------
DROP TABLE IF EXISTS `pmhub_materials`;
CREATE TABLE `pmhub_materials`  (
                                    `id` varchar(64) CHARACTER SET utf8mb4 COLLATE utf8mb4_general_ci NOT NULL COMMENT 'id',
                                    `code` int NULL DEFAULT NULL COMMENT '-',
                                    `materials_name` varchar(64) CHARACTER SET utf8mb4 COLLATE utf8mb4_general_ci NOT NULL COMMENT '',
                                    `project_id` varchar(64) CHARACTER SET utf8mb4 COLLATE utf8mb4_general_ci NULL DEFAULT NULL COMMENT 'id',
                                    `materials_type_id` varchar(64) CHARACTER SET utf8mb4 COLLATE utf8mb4_general_ci NOT NULL COMMENT 'id',
                                    `norms` varchar(64) CHARACTER SET utf8mb4 COLLATE utf8mb4_general_ci NULL DEFAULT NULL COMMENT '',
                                    `model` varchar(128) CHARACTER SET utf8mb4 COLLATE utf8mb4_general_ci NULL DEFAULT NULL COMMENT '',
                                    `unit` varchar(64) CHARACTER SET utf8mb4 COLLATE utf8mb4_general_ci NULL DEFAULT NULL COMMENT '',
                                    `unit_price` decimal(15, 3) NOT NULL COMMENT '',
                                    `color` varchar(16) CHARACTER SET utf8mb4 COLLATE utf8mb4_general_ci NULL DEFAULT NULL COMMENT '',
                                    `weight` varchar(64) CHARACTER SET utf8mb4 COLLATE utf8mb4_general_ci NULL DEFAULT NULL COMMENT '',
                                    `quality_guarantee_period` int NULL DEFAULT NULL COMMENT '',
                                    `lot_number` tinyint(1) NULL DEFAULT NULL COMMENT '',
                                    `base_storehouse_count` decimal(15, 3) NOT NULL COMMENT '',
                                    `remarks` varchar(2048) CHARACTER SET utf8mb4 COLLATE utf8mb4_general_ci NULL DEFAULT NULL COMMENT '',
                                    `part_code` varchar(64) CHARACTER SET utf8mb4 COLLATE utf8mb4_general_ci NULL DEFAULT NULL COMMENT '',
                                    `create_by` varchar(64) CHARACTER SET utf8mb4 COLLATE utf8mb4_general_ci NOT NULL COMMENT '',
                                    `create_time` datetime NOT NULL COMMENT '',
                                    `update_by` varchar(64) CHARACTER SET utf8mb4 COLLATE utf8mb4_general_ci NOT NULL COMMENT '',
                                    `update_time` datetime NOT NULL COMMENT '',
                                    `deleted` int NOT NULL COMMENT '10',
                                    PRIMARY KEY (`id`) USING BTREE,
                                    UNIQUE INDEX `code_and_type_pk`(`code` ASC, `materials_type_id` ASC) USING BTREE
) ENGINE = InnoDB CHARACTER SET = utf8mb4 COLLATE = utf8mb4_general_ci COMMENT = '';

-- ----------------------------
-- Table structure for pmhub_my_apply
-- ----------------------------
DROP TABLE IF EXISTS `pmhub_my_apply`;
CREATE TABLE `pmhub_my_apply`  (
                                   `id` varchar(64) CHARACTER SET utf8mb4 COLLATE utf8mb4_general_ci NOT NULL,
                                   `sp_no` varchar(64) CHARACTER SET utf8mb4 COLLATE utf8mb4_general_ci NOT NULL COMMENT '',
                                   `data_name` varchar(100) CHARACTER SET utf8mb4 COLLATE utf8mb4_general_ci NOT NULL COMMENT '',
                                   `data_type` varchar(100) CHARACTER SET utf8mb4 COLLATE utf8mb4_general_ci NOT NULL COMMENT '',
                                   `data_type_id` varchar(64) CHARACTER SET utf8mb4 COLLATE utf8mb4_general_ci NOT NULL COMMENT 'id',
                                   `template_id` varchar(64) CHARACTER SET utf8mb4 COLLATE utf8mb4_general_ci NOT NULL COMMENT 'id',
                                   `sp_status` int NOT NULL COMMENT '',
                                   `apply_time` datetime NULL DEFAULT NULL COMMENT '',
                                   `created_by` varchar(64) CHARACTER SET utf8mb4 COLLATE utf8mb4_general_ci NULL DEFAULT NULL,
                                   `created_time` datetime NULL DEFAULT NULL,
                                   `updated_by` varchar(64) CHARACTER SET utf8mb4 COLLATE utf8mb4_general_ci NULL DEFAULT NULL,
                                   `updated_time` datetime NULL DEFAULT NULL,
                                   `extra_id` varchar(64) CHARACTER SET utf8mb4 COLLATE utf8mb4_general_ci NULL DEFAULT NULL COMMENT 'idid',
                                   `type` varchar(32) CHARACTER SET utf8mb4 COLLATE utf8mb4_general_ci NULL DEFAULT NULL COMMENT 'projecttask',
                                   PRIMARY KEY (`id`) USING BTREE
) ENGINE = InnoDB CHARACTER SET = utf8mb4 COLLATE = utf8mb4_general_ci;

-- ----------------------------
-- Table structure for pmhub_oauth2_agree
-- ----------------------------
DROP TABLE IF EXISTS `pmhub_oauth2_agree`;
CREATE TABLE `pmhub_oauth2_agree`  (
                                       `id` varchar(64) CHARACTER SET utf8mb4 COLLATE utf8mb4_general_ci NULL DEFAULT NULL,
                                       `user_id` bigint NULL DEFAULT NULL COMMENT 'id',
                                       `client_id` varchar(64) CHARACTER SET utf8mb4 COLLATE utf8mb4_general_ci NULL DEFAULT NULL COMMENT 'id'
) ENGINE = InnoDB CHARACTER SET = utf8mb4 COLLATE = utf8mb4_general_ci COMMENT = '';

-- ----------------------------
-- Table structure for pmhub_oauth2_client
-- ----------------------------
DROP TABLE IF EXISTS `pmhub_oauth2_client`;
CREATE TABLE `pmhub_oauth2_client`  (
                                        `id` varchar(64) CHARACTER SET utf8mb4 COLLATE utf8mb4_general_ci NULL DEFAULT NULL,
                                        `client_name` varchar(128) CHARACTER SET utf8mb4 COLLATE utf8mb4_general_ci NULL DEFAULT NULL COMMENT '',
                                        `client_id` varchar(64) CHARACTER SET utf8mb4 COLLATE utf8mb4_general_ci NULL DEFAULT NULL COMMENT 'id',
                                        `client_secret` varchar(1024) CHARACTER SET utf8mb4 COLLATE utf8mb4_general_ci NULL DEFAULT NULL COMMENT 'secret',
                                        `img` varchar(2048) CHARACTER SET utf8mb4 COLLATE utf8mb4_general_ci NULL DEFAULT NULL COMMENT ''
) ENGINE = InnoDB CHARACTER SET = utf8mb4 COLLATE = utf8mb4_general_ci;

-- ----------------------------
-- Table structure for pmhub_project
-- ----------------------------
DROP TABLE IF EXISTS `pmhub_project`;
CREATE TABLE `pmhub_project`  (
                                  `id` varchar(64) CHARACTER SET utf8mb4 COLLATE utf8mb4_general_ci NOT NULL COMMENT 'id',
                                  `project_code` varchar(32) CHARACTER SET utf8mb4 COLLATE utf8mb4_general_ci NOT NULL COMMENT '',
                                  `project_name` varchar(200) CHARACTER SET utf8mb4 COLLATE utf8mb4_general_ci NOT NULL COMMENT '',
                                  `description` varchar(500) CHARACTER SET utf8mb4 COLLATE utf8mb4_general_ci NULL DEFAULT NULL COMMENT '',
                                  `close_begin_time` datetime NULL DEFAULT NULL COMMENT '',
                                  `close_end_time` datetime NULL DEFAULT NULL COMMENT '',
                                  `cover` varchar(255) CHARACTER SET utf8mb4 COLLATE utf8mb4_general_ci NULL DEFAULT NULL COMMENT '',
                                  `stage_code` int NOT NULL DEFAULT 0 COMMENT ' 0',
                                  `type` tinyint(1) NOT NULL DEFAULT 0 COMMENT '  0- 1-',
                                  `prefix` varchar(20) CHARACTER SET utf8mb4 COLLATE utf8mb4_general_ci NULL DEFAULT NULL COMMENT '',
                                  `deleted` tinyint(1) NOT NULL DEFAULT 0 COMMENT ' 0- 1-',
                                  `deleted_time` datetime NULL DEFAULT NULL COMMENT '',
                                  `archived` tinyint(1) NULL DEFAULT NULL COMMENT ' 0- 1-',
                                  `archived_time` datetime NULL DEFAULT NULL COMMENT '',
                                  `published` tinyint(1) NOT NULL DEFAULT 0 COMMENT ' 0- 1-',
                                  `project_process` decimal(5, 2) NOT NULL DEFAULT 0.00 COMMENT '',
                                  `created_by` varchar(100) CHARACTER SET utf8mb4 COLLATE utf8mb4_general_ci NULL DEFAULT NULL COMMENT '',
                                  `created_time` datetime NULL DEFAULT NULL COMMENT '',
                                  `updated_by` varchar(100) CHARACTER SET utf8mb4 COLLATE utf8mb4_general_ci NULL DEFAULT NULL COMMENT '',
                                  `updated_time` datetime NULL DEFAULT NULL COMMENT '',
                                  `user_id` bigint NULL DEFAULT NULL COMMENT '',
                                  `status` tinyint(1) NOT NULL DEFAULT 0 COMMENT ' 0-',
                                  `auto_update_process` tinyint(1) NOT NULL DEFAULT 0 COMMENT ' 0- 1-',
                                  `open_begin_time` tinyint(1) NOT NULL DEFAULT 0 COMMENT '',
                                  `open_task_private` tinyint(1) NOT NULL DEFAULT 0 COMMENT '',
                                  `msg_notify` tinyint(1) NOT NULL DEFAULT 0 COMMENT '',
                                  `notify_day` int NOT NULL DEFAULT 2 COMMENT '',
                                  `open_prefix` tinyint(1) NULL DEFAULT 0 COMMENT '',
                                  `project_stage_id` varchar(64) CHARACTER SET utf8mb4 COLLATE utf8mb4_general_ci NULL DEFAULT NULL COMMENT 'id',
                                  PRIMARY KEY (`id`) USING BTREE
) ENGINE = InnoDB CHARACTER SET = utf8mb4 COLLATE = utf8mb4_general_ci COMMENT = '';

-- ----------------------------
-- Table structure for pmhub_project_collection
-- ----------------------------
DROP TABLE IF EXISTS `pmhub_project_collection`;
CREATE TABLE `pmhub_project_collection`  (
                                             `id` varchar(64) CHARACTER SET utf8mb4 COLLATE utf8mb4_general_ci NOT NULL COMMENT 'id',
                                             `created_by` varchar(64) CHARACTER SET utf8mb4 COLLATE utf8mb4_general_ci NULL DEFAULT NULL COMMENT '',
                                             `created_time` datetime NULL DEFAULT NULL COMMENT '',
                                             `updated_by` varchar(64) CHARACTER SET utf8mb4 COLLATE utf8mb4_general_ci NULL DEFAULT NULL COMMENT '',
                                             `updated_time` datetime NULL DEFAULT NULL COMMENT '',
                                             `project_id` varchar(64) CHARACTER SET utf8mb4 COLLATE utf8mb4_general_ci NULL DEFAULT NULL COMMENT 'id',
                                             `user_id` bigint NULL DEFAULT NULL COMMENT 'id',
                                             PRIMARY KEY (`id`) USING BTREE
) ENGINE = InnoDB CHARACTER SET = utf8mb4 COLLATE = utf8mb4_general_ci COMMENT = '-';

-- ----------------------------
-- Table structure for pmhub_project_file
-- ----------------------------
DROP TABLE IF EXISTS `pmhub_project_file`;
CREATE TABLE `pmhub_project_file`  (
                                       `id` varchar(64) CHARACTER SET utf8mb4 COLLATE utf8mb4_general_ci NOT NULL COMMENT 'id',
                                       `type` varchar(20) CHARACTER SET utf8mb4 COLLATE utf8mb4_general_ci NULL DEFAULT NULL COMMENT ' task  project',
                                       `pt_id` varchar(64) CHARACTER SET utf8mb4 COLLATE utf8mb4_general_ci NOT NULL COMMENT 'typetask taskid typeproject projectid',
                                       `file_name` varchar(100) CHARACTER SET utf8mb4 COLLATE utf8mb4_general_ci NOT NULL COMMENT '',
                                       `file_size` decimal(11, 2) NULL DEFAULT NULL COMMENT '',
                                       `extension` varchar(32) CHARACTER SET utf8mb4 COLLATE utf8mb4_general_ci NOT NULL COMMENT '',
                                       `file_url` varchar(200) CHARACTER SET utf8mb4 COLLATE utf8mb4_general_ci NOT NULL COMMENT '',
                                       `deleted` tinyint(1) NOT NULL DEFAULT 0 COMMENT ' 0- 1-',
                                       `deleted_time` datetime NULL DEFAULT NULL COMMENT '',
                                       `created_by` varchar(64) CHARACTER SET utf8mb4 COLLATE utf8mb4_general_ci NULL DEFAULT NULL COMMENT '',
                                       `created_time` datetime NULL DEFAULT NULL COMMENT '',
                                       `updated_by` varchar(64) CHARACTER SET utf8mb4 COLLATE utf8mb4_general_ci NULL DEFAULT NULL COMMENT '',
                                       `updated_time` datetime NULL DEFAULT NULL COMMENT '',
                                       `user_id` bigint NULL DEFAULT NULL COMMENT 'id',
                                       `project_id` varchar(64) CHARACTER SET utf8mb4 COLLATE utf8mb4_general_ci NOT NULL COMMENT 'id',
                                       `path_name` varchar(200) CHARACTER SET utf8mb4 COLLATE utf8mb4_general_ci NULL DEFAULT NULL,
                                       PRIMARY KEY (`id`) USING BTREE
) ENGINE = InnoDB CHARACTER SET = utf8mb4 COLLATE = utf8mb4_general_ci COMMENT = '';

-- ----------------------------
-- Table structure for pmhub_project_log
-- ----------------------------
DROP TABLE IF EXISTS `pmhub_project_log`;
CREATE TABLE `pmhub_project_log`  (
                                      `id` varchar(64) CHARACTER SET utf8mb4 COLLATE utf8mb4_general_ci NOT NULL COMMENT 'id',
                                      `user_id` bigint NOT NULL COMMENT 'id',
                                      `type` varchar(16) CHARACTER SET utf8mb4 COLLATE utf8mb4_general_ci NOT NULL COMMENT ' project  task',
                                      `operate_type` varchar(32) CHARACTER SET utf8mb4 COLLATE utf8mb4_general_ci NOT NULL COMMENT '',
                                      `content` text CHARACTER SET utf8mb4 COLLATE utf8mb4_general_ci NULL COMMENT '',
                                      `remark` varchar(500) CHARACTER SET utf8mb4 COLLATE utf8mb4_general_ci NULL DEFAULT NULL COMMENT '',
                                      `pt_id` varchar(64) CHARACTER SET utf8mb4 COLLATE utf8mb4_general_ci NOT NULL COMMENT 'id',
                                      `to_user_id` bigint NULL DEFAULT NULL,
                                      `created_by` varchar(64) CHARACTER SET utf8mb4 COLLATE utf8mb4_general_ci NULL DEFAULT NULL,
                                      `created_time` datetime NULL DEFAULT NULL,
                                      `updated_by` varchar(64) CHARACTER SET utf8mb4 COLLATE utf8mb4_general_ci NULL DEFAULT NULL,
                                      `updated_time` datetime NULL DEFAULT NULL,
                                      `log_type` tinyint(1) NOT NULL DEFAULT 1 COMMENT '1- 2- 3-',
                                      `file_url` varchar(500) CHARACTER SET utf8mb4 COLLATE utf8mb4_general_ci NULL DEFAULT NULL COMMENT '',
                                      `icon` varchar(20) CHARACTER SET utf8mb4 COLLATE utf8mb4_general_ci NULL DEFAULT NULL,
                                      `project_id` varchar(64) CHARACTER SET utf8mb4 COLLATE utf8mb4_general_ci NOT NULL COMMENT 'id',
                                      PRIMARY KEY (`id`) USING BTREE
) ENGINE = InnoDB CHARACTER SET = utf8mb4 COLLATE = utf8mb4_general_ci COMMENT = '-';

-- ----------------------------
-- Table structure for pmhub_project_member
-- ----------------------------
DROP TABLE IF EXISTS `pmhub_project_member`;
CREATE TABLE `pmhub_project_member`  (
                                         `id` varchar(64) CHARACTER SET utf8mb4 COLLATE utf8mb4_general_ci NOT NULL COMMENT 'id',
                                         `pt_id` varchar(64) CHARACTER SET utf8mb4 COLLATE utf8mb4_general_ci NOT NULL COMMENT 'id',
                                         `user_id` bigint NOT NULL COMMENT 'id',
                                         `joined_time` datetime NULL DEFAULT NULL COMMENT '',
                                         `created_by` varchar(100) CHARACTER SET utf8mb4 COLLATE utf8mb4_general_ci NULL DEFAULT NULL COMMENT '',
                                         `created_time` datetime NULL DEFAULT NULL COMMENT '',
                                         `updated_by` varchar(100) CHARACTER SET utf8mb4 COLLATE utf8mb4_general_ci NULL DEFAULT NULL COMMENT '',
                                         `updated_time` datetime NULL DEFAULT NULL COMMENT '',
                                         `type` varchar(32) CHARACTER SET utf8mb4 COLLATE utf8mb4_general_ci NOT NULL COMMENT ' task project',
                                         `creator` tinyint(1) NULL DEFAULT 0 COMMENT '',
                                         PRIMARY KEY (`id`) USING BTREE
) ENGINE = InnoDB CHARACTER SET = utf8mb4 COLLATE = utf8mb4_general_ci COMMENT = '-';

-- ----------------------------
-- Table structure for pmhub_project_stage
-- ----------------------------
DROP TABLE IF EXISTS `pmhub_project_stage`;
CREATE TABLE `pmhub_project_stage`  (
                                        `id` varchar(64) CHARACTER SET utf8mb4 COLLATE utf8mb4_general_ci NOT NULL COMMENT 'id',
                                        `stage_code` int NOT NULL COMMENT '',
                                        `stage_name` varchar(100) CHARACTER SET utf8mb4 COLLATE utf8mb4_general_ci NOT NULL COMMENT '',
                                        `description` varchar(255) CHARACTER SET utf8mb4 COLLATE utf8mb4_general_ci NULL DEFAULT NULL COMMENT '',
                                        `project_id` varchar(64) CHARACTER SET utf8mb4 COLLATE utf8mb4_general_ci NOT NULL COMMENT 'id',
                                        `deleted` tinyint(1) NOT NULL DEFAULT 0 COMMENT ' 0- 1-',
                                        `created_by` varchar(64) CHARACTER SET utf8mb4 COLLATE utf8mb4_general_ci NULL DEFAULT NULL COMMENT '',
                                        `created_time` datetime NULL DEFAULT NULL COMMENT '',
                                        `updated_by` varchar(64) CHARACTER SET utf8mb4 COLLATE utf8mb4_general_ci NULL DEFAULT NULL COMMENT '',
                                        `updated_time` datetime NULL DEFAULT NULL COMMENT '',
                                        PRIMARY KEY (`id`) USING BTREE
) ENGINE = InnoDB CHARACTER SET = utf8mb4 COLLATE = utf8mb4_general_ci COMMENT = '';

-- ----------------------------
-- Table structure for pmhub_project_task
-- ----------------------------
DROP TABLE IF EXISTS `pmhub_project_task`;
CREATE TABLE `pmhub_project_task`  (
                                       `id` varchar(64) CHARACTER SET utf8mb4 COLLATE utf8mb4_general_ci NOT NULL COMMENT 'id',
                                       `created_by` varchar(64) CHARACTER SET utf8mb4 COLLATE utf8mb4_general_ci NULL DEFAULT NULL COMMENT '',
                                       `created_time` datetime NULL DEFAULT NULL COMMENT '',
                                       `updated_by` varchar(64) CHARACTER SET utf8mb4 COLLATE utf8mb4_general_ci NULL DEFAULT NULL COMMENT '',
                                       `updated_time` datetime NULL DEFAULT NULL COMMENT '',
                                       `task_name` varchar(100) CHARACTER SET utf8mb4 COLLATE utf8mb4_general_ci NULL DEFAULT NULL COMMENT '',
                                       `project_id` varchar(64) CHARACTER SET utf8mb4 COLLATE utf8mb4_general_ci NULL DEFAULT NULL COMMENT 'id',
                                       `task_priority` tinyint(1) NOT NULL DEFAULT 0 COMMENT '',
                                       `user_id` bigint NOT NULL COMMENT 'id',
                                       `project_stage_id` varchar(64) CHARACTER SET utf8mb4 COLLATE utf8mb4_general_ci NOT NULL COMMENT 'id',
                                       `description` varchar(500) CHARACTER SET utf8mb4 COLLATE utf8mb4_general_ci NULL DEFAULT NULL COMMENT '',
                                       `begin_time` datetime NULL DEFAULT NULL COMMENT '',
                                       `end_time` datetime NULL DEFAULT NULL COMMENT '',
                                       `close_time` datetime NULL DEFAULT NULL COMMENT '',
                                       `task_pid` varchar(64) CHARACTER SET utf8mb4 COLLATE utf8mb4_general_ci NULL DEFAULT NULL COMMENT '',
                                       `assign_to` varchar(64) CHARACTER SET utf8mb4 COLLATE utf8mb4_general_ci NULL DEFAULT NULL COMMENT '',
                                       `status` tinyint(1) NOT NULL DEFAULT 0 COMMENT '',
                                       `execute_status` tinyint(1) NOT NULL DEFAULT 0 COMMENT '',
                                       `task_process` decimal(5, 2) NOT NULL DEFAULT 0.00 COMMENT '',
                                       `deleted` tinyint(1) NOT NULL DEFAULT 0 COMMENT '',
                                       `deleted_time` datetime NULL DEFAULT NULL,
                                       `task_flow` varchar(200) CHARACTER SET utf8mb4 COLLATE utf8mb4_general_ci NULL DEFAULT NULL COMMENT '',
                                       `task_type_id` varchar(64) CHARACTER SET utf8mb4 COLLATE utf8mb4_general_ci NULL DEFAULT NULL COMMENT 'id',
                                       PRIMARY KEY (`id`) USING BTREE,
                                       INDEX `idx`(`id` ASC, `project_id` ASC, `user_id` ASC) USING BTREE
) ENGINE = InnoDB CHARACTER SET = utf8mb4 COLLATE = utf8mb4_general_ci COMMENT = '-';

-- ----------------------------
-- Table structure for pmhub_project_task_notify
-- ----------------------------
DROP TABLE IF EXISTS `pmhub_project_task_notify`;
CREATE TABLE `pmhub_project_task_notify`  (
                                              `id` varchar(64) CHARACTER SET utf8mb4 COLLATE utf8mb4_general_ci NOT NULL,
                                              `task_id` varchar(64) CHARACTER SET utf8mb4 COLLATE utf8mb4_general_ci NULL DEFAULT NULL COMMENT 'id',
                                              `user_id` int NULL DEFAULT NULL COMMENT 'id',
                                              `user_wx_name` varchar(64) CHARACTER SET utf8mb4 COLLATE utf8mb4_general_ci NULL DEFAULT NULL COMMENT 'id',
                                              `project_id` varchar(64) CHARACTER SET utf8mb4 COLLATE utf8mb4_general_ci NULL DEFAULT NULL COMMENT 'id',
                                              `overdue` tinyint(1) NULL DEFAULT NULL COMMENT ' 0- 1-',
                                              `close_time` datetime NULL DEFAULT NULL,
                                              `task_name` varchar(255) CHARACTER SET utf8mb4 COLLATE utf8mb4_general_ci NULL DEFAULT NULL,
                                              PRIMARY KEY (`id`) USING BTREE
) ENGINE = InnoDB CHARACTER SET = utf8mb4 COLLATE = utf8mb4_general_ci COMMENT = '';

-- ----------------------------
-- Table structure for pmhub_project_task_process
-- ----------------------------
DROP TABLE IF EXISTS `pmhub_project_task_process`;
CREATE TABLE `pmhub_project_task_process`  (
                                               `id` varchar(64) CHARACTER SET utf8mb4 COLLATE utf8mb4_general_ci NOT NULL,
                                               `extra_id` varchar(64) CHARACTER SET utf8mb4 COLLATE utf8mb4_general_ci NULL DEFAULT NULL COMMENT 'id',
                                               `approved` varchar(10) CHARACTER SET utf8mb4 COLLATE utf8mb4_general_ci NULL DEFAULT NULL COMMENT '',
                                               `instance_id` varchar(64) CHARACTER SET utf8mb4 COLLATE utf8mb4_general_ci NULL DEFAULT NULL COMMENT 'id',
                                               `deployment_id` varchar(64) CHARACTER SET utf8mb4 COLLATE utf8mb4_general_ci NULL DEFAULT NULL COMMENT 'id',
                                               `definition_id` varchar(64) CHARACTER SET utf8mb4 COLLATE utf8mb4_general_ci NULL DEFAULT NULL COMMENT 'id',
                                               `created_by` varchar(64) CHARACTER SET utf8mb4 COLLATE utf8mb4_general_ci NULL DEFAULT NULL,
                                               `created_time` datetime NULL DEFAULT NULL,
                                               `updated_by` varchar(64) CHARACTER SET utf8mb4 COLLATE utf8mb4_general_ci NULL DEFAULT NULL,
                                               `updated_time` datetime NULL DEFAULT NULL,
                                               `type` varchar(64) CHARACTER SET utf8mb4 COLLATE utf8mb4_general_ci NULL DEFAULT NULL COMMENT 'task/project',
                                               `task_id` varchar(64) CHARACTER SET utf8mb4 COLLATE utf8mb4_general_ci NULL DEFAULT NULL COMMENT 'id',
                                               `url` varchar(1000) CHARACTER SET utf8mb4 COLLATE utf8mb4_general_ci NULL DEFAULT NULL COMMENT '',
                                               PRIMARY KEY (`id`) USING BTREE
) ENGINE = InnoDB CHARACTER SET = utf8mb4 COLLATE = utf8mb4_general_ci;

-- ----------------------------
-- Table structure for pmhub_project_task_work_time
-- ----------------------------
DROP TABLE IF EXISTS `pmhub_project_task_work_time`;
CREATE TABLE `pmhub_project_task_work_time`  (
                                                 `id` varchar(64) CHARACTER SET utf8mb4 COLLATE utf8mb4_general_ci NOT NULL COMMENT 'id',
                                                 `project_task_id` varchar(64) CHARACTER SET utf8mb4 COLLATE utf8mb4_general_ci NOT NULL COMMENT 'id',
                                                 `user_id` varchar(64) CHARACTER SET utf8mb4 COLLATE utf8mb4_general_ci NOT NULL COMMENT 'id',
                                                 `work_time` decimal(5, 2) NULL DEFAULT NULL COMMENT '',
                                                 `project_id` varchar(64) CHARACTER SET utf8mb4 COLLATE utf8mb4_general_ci NOT NULL COMMENT 'id',
                                                 `created_by` varchar(64) CHARACTER SET utf8mb4 COLLATE utf8mb4_general_ci NULL DEFAULT NULL,
                                                 `created_time` datetime NULL DEFAULT NULL,
                                                 `updated_by` varchar(64) CHARACTER SET utf8mb4 COLLATE utf8mb4_general_ci NULL DEFAULT NULL,
                                                 `updated_time` datetime NULL DEFAULT NULL,
                                                 PRIMARY KEY (`id`) USING BTREE
) ENGINE = InnoDB CHARACTER SET = utf8mb4 COLLATE = utf8mb4_general_ci COMMENT = '';

-- ----------------------------
-- Table structure for pmhub_public_file
-- ----------------------------
DROP TABLE IF EXISTS `pmhub_public_file`;
CREATE TABLE `pmhub_public_file`  (
                                      `id` varchar(64) CHARACTER SET utf8mb4 COLLATE utf8mb4_general_ci NOT NULL COMMENT 'id',
                                      `file_name` varchar(100) CHARACTER SET utf8mb4 COLLATE utf8mb4_general_ci NOT NULL COMMENT '',
                                      `file_size` bigint NULL DEFAULT NULL COMMENT '',
                                      `extension` varchar(128) CHARACTER SET utf8mb4 COLLATE utf8mb4_general_ci NOT NULL COMMENT '',
                                      `file_url` varchar(200) CHARACTER SET utf8mb4 COLLATE utf8mb4_general_ci NOT NULL COMMENT '',
                                      `path_name` varchar(200) CHARACTER SET utf8mb4 COLLATE utf8mb4_general_ci NOT NULL COMMENT '',
                                      `create_by` varchar(64) CHARACTER SET utf8mb4 COLLATE utf8mb4_general_ci NULL DEFAULT NULL COMMENT '',
                                      `create_time` datetime NULL DEFAULT NULL COMMENT '',
                                      `update_by` varchar(64) CHARACTER SET utf8mb4 COLLATE utf8mb4_general_ci NULL DEFAULT NULL COMMENT '',
                                      `update_time` datetime NULL DEFAULT NULL COMMENT '',
                                      `deleted` tinyint(1) NOT NULL DEFAULT 0 COMMENT ' 0- 1-',
                                      PRIMARY KEY (`id`) USING BTREE
) ENGINE = InnoDB CHARACTER SET = utf8mb4 COLLATE = utf8mb4_general_ci COMMENT = '';

-- ----------------------------
-- Table structure for pmhub_public_file_cache
-- ----------------------------
DROP TABLE IF EXISTS `pmhub_public_file_cache`;
CREATE TABLE `pmhub_public_file_cache`  (
                                            `id` varchar(64) CHARACTER SET utf8mb4 COLLATE utf8mb4_general_ci NOT NULL COMMENT 'id',
                                            `file_name` varchar(100) CHARACTER SET utf8mb4 COLLATE utf8mb4_general_ci NOT NULL COMMENT '',
                                            `file_size` bigint NULL DEFAULT NULL COMMENT '',
                                            `extension` varchar(32) CHARACTER SET utf8mb4 COLLATE utf8mb4_general_ci NOT NULL COMMENT '',
                                            `file_url` varchar(200) CHARACTER SET utf8mb4 COLLATE utf8mb4_general_ci NOT NULL COMMENT '',
                                            `path_name` varchar(200) CHARACTER SET utf8mb4 COLLATE utf8mb4_general_ci NOT NULL COMMENT '',
                                            `create_by` varchar(64) CHARACTER SET utf8mb4 COLLATE utf8mb4_general_ci NULL DEFAULT NULL COMMENT '',
                                            `create_time` datetime NULL DEFAULT NULL COMMENT '',
                                            `update_by` varchar(64) CHARACTER SET utf8mb4 COLLATE utf8mb4_general_ci NULL DEFAULT NULL COMMENT '',
                                            `update_time` datetime NULL DEFAULT NULL COMMENT '',
                                            `deleted` tinyint(1) NOT NULL DEFAULT 0 COMMENT ' 0- 1-',
                                            PRIMARY KEY (`id`) USING BTREE
) ENGINE = InnoDB CHARACTER SET = utf8mb4 COLLATE = utf8mb4_general_ci COMMENT = '';

-- ----------------------------
-- Table structure for pmhub_public_file_link
-- ----------------------------
DROP TABLE IF EXISTS `pmhub_public_file_link`;
CREATE TABLE `pmhub_public_file_link`  (
                                           `id` varchar(64) CHARACTER SET utf8mb4 COLLATE utf8mb4_general_ci NOT NULL COMMENT 'id',
                                           `object_id` varchar(64) CHARACTER SET utf8mb4 COLLATE utf8mb4_general_ci NOT NULL COMMENT '',
                                           `object_type` varchar(16) CHARACTER SET utf8mb4 COLLATE utf8mb4_general_ci NULL DEFAULT NULL COMMENT '',
                                           `file_id` varchar(64) CHARACTER SET utf8mb4 COLLATE utf8mb4_general_ci NOT NULL COMMENT '',
                                           `create_by` varchar(64) CHARACTER SET utf8mb4 COLLATE utf8mb4_general_ci NULL DEFAULT NULL COMMENT '',
                                           `create_time` datetime NULL DEFAULT NULL COMMENT '',
                                           `update_by` varchar(64) CHARACTER SET utf8mb4 COLLATE utf8mb4_general_ci NULL DEFAULT NULL COMMENT '',
                                           `update_time` datetime NULL DEFAULT NULL COMMENT '',
                                           `deleted` tinyint(1) NOT NULL DEFAULT 0 COMMENT ' 0- 1-',
                                           PRIMARY KEY (`id`) USING BTREE
) ENGINE = InnoDB CHARACTER SET = utf8mb4 COLLATE = utf8mb4_general_ci COMMENT = '';

-- ----------------------------
-- Table structure for pmhub_task_message_deal
-- ----------------------------
DROP TABLE IF EXISTS `pmhub_task_message_deal`;
CREATE TABLE `pmhub_task_message_deal`  (
                                            `id` varchar(64) CHARACTER SET utf8mb4 COLLATE utf8mb4_general_ci NOT NULL,
                                            `task_id` varchar(64) CHARACTER SET utf8mb4 COLLATE utf8mb4_general_ci NULL DEFAULT NULL,
                                            `instance_id` varchar(64) CHARACTER SET utf8mb4 COLLATE utf8mb4_general_ci NULL DEFAULT NULL,
                                            `assignee` varchar(64) CHARACTER SET utf8mb4 COLLATE utf8mb4_general_ci NULL DEFAULT NULL,
                                            PRIMARY KEY (`id`) USING BTREE
) ENGINE = InnoDB CHARACTER SET = utf8mb4 COLLATE = utf8mb4_general_ci;

-- ----------------------------
-- Table structure for pmhub_task_type
-- ----------------------------
DROP TABLE IF EXISTS `pmhub_task_type`;
CREATE TABLE `pmhub_task_type`  (
                                    `id` varchar(64) CHARACTER SET utf8mb4 COLLATE utf8mb4_general_ci NOT NULL,
                                    `type_name` varchar(64) CHARACTER SET utf8mb4 COLLATE utf8mb4_general_ci NULL DEFAULT NULL COMMENT '',
                                    `sort` int NOT NULL DEFAULT 1 COMMENT '',
                                    `created_by` varchar(64) CHARACTER SET utf8mb4 COLLATE utf8mb4_general_ci NULL DEFAULT NULL,
                                    `created_time` datetime NULL DEFAULT NULL,
                                    `updated_by` varchar(64) CHARACTER SET utf8mb4 COLLATE utf8mb4_general_ci NULL DEFAULT NULL,
                                    `updated_time` datetime NULL DEFAULT NULL,
                                    PRIMARY KEY (`id`) USING BTREE
) ENGINE = InnoDB CHARACTER SET = utf8mb4 COLLATE = utf8mb4_general_ci;

-- ----------------------------
-- Table structure for pmhub_template
-- ----------------------------
DROP TABLE IF EXISTS `pmhub_template`;
CREATE TABLE `pmhub_template`  (
                                   `id` varchar(64) CHARACTER SET utf8mb4 COLLATE utf8mb4_general_ci NOT NULL,
                                   `file` longblob NOT NULL COMMENT '',
                                   PRIMARY KEY (`id`) USING BTREE
) ENGINE = InnoDB CHARACTER SET = utf8mb4 COLLATE = utf8mb4_general_ci COMMENT = '';

-- ----------------------------
-- Table structure for pmhub_wf_cancel
-- ----------------------------
DROP TABLE IF EXISTS `pmhub_wf_cancel`;
CREATE TABLE `pmhub_wf_cancel`  (
                                    `id` varchar(64) CHARACTER SET utf8mb4 COLLATE utf8mb4_general_ci NULL DEFAULT NULL COMMENT 'id',
                                    `inst_id` varchar(128) CHARACTER SET utf8mb4 COLLATE utf8mb4_general_ci NULL DEFAULT NULL COMMENT 'inst_id'
) ENGINE = InnoDB CHARACTER SET = utf8mb4 COLLATE = utf8mb4_general_ci COMMENT = '';

-- ----------------------------
-- Table structure for pmhub_wf_category
-- ----------------------------
DROP TABLE IF EXISTS `pmhub_wf_category`;
CREATE TABLE `pmhub_wf_category`  (
                                      `category_id` bigint NOT NULL COMMENT 'id',
                                      `category_name` varchar(64) CHARACTER SET utf8mb4 COLLATE utf8mb4_general_ci NULL DEFAULT '' COMMENT '',
                                      `code` varchar(64) CHARACTER SET utf8mb4 COLLATE utf8mb4_general_ci NULL DEFAULT '' COMMENT '',
                                      `remark` varchar(500) CHARACTER SET utf8mb4 COLLATE utf8mb4_general_ci NULL DEFAULT '' COMMENT '',
                                      `create_by` varchar(64) CHARACTER SET utf8mb4 COLLATE utf8mb4_general_ci NULL DEFAULT '' COMMENT '',
                                      `create_time` datetime NULL DEFAULT NULL COMMENT '',
                                      `update_by` varchar(64) CHARACTER SET utf8mb4 COLLATE utf8mb4_general_ci NULL DEFAULT '' COMMENT '',
                                      `update_time` datetime NULL DEFAULT NULL COMMENT '',
                                      `del_flag` char(1) CHARACTER SET utf8mb4 COLLATE utf8mb4_general_ci NULL DEFAULT '0' COMMENT '0 2',
                                      PRIMARY KEY (`category_id`) USING BTREE
) ENGINE = InnoDB CHARACTER SET = utf8mb4 COLLATE = utf8mb4_general_ci COMMENT = '';

-- ----------------------------
-- Table structure for pmhub_wf_copy
-- ----------------------------
DROP TABLE IF EXISTS `pmhub_wf_copy`;
CREATE TABLE `pmhub_wf_copy`  (
                                  `copy_id` varchar(64) CHARACTER SET utf8mb4 COLLATE utf8mb4_general_ci NOT NULL COMMENT '',
                                  `title` varchar(255) CHARACTER SET utf8mb4 COLLATE utf8mb4_general_ci NULL DEFAULT '' COMMENT '',
                                  `process_id` varchar(64) CHARACTER SET utf8mb4 COLLATE utf8mb4_general_ci NULL DEFAULT '' COMMENT '',
                                  `process_name` varchar(255) CHARACTER SET utf8mb4 COLLATE utf8mb4_general_ci NULL DEFAULT '' COMMENT '',
                                  `category_id` varchar(255) CHARACTER SET utf8mb4 COLLATE utf8mb4_general_ci NULL DEFAULT '' COMMENT '',
                                  `deployment_id` varchar(64) CHARACTER SET utf8mb4 COLLATE utf8mb4_general_ci NULL DEFAULT '' COMMENT '',
                                  `instance_id` varchar(64) CHARACTER SET utf8mb4 COLLATE utf8mb4_general_ci NULL DEFAULT '' COMMENT '',
                                  `task_id` varchar(64) CHARACTER SET utf8mb4 COLLATE utf8mb4_general_ci NULL DEFAULT '' COMMENT '',
                                  `user_id` bigint NULL DEFAULT NULL COMMENT '',
                                  `originator_id` bigint NULL DEFAULT NULL COMMENT '',
                                  `originator_name` varchar(64) CHARACTER SET utf8mb4 COLLATE utf8mb4_general_ci NULL DEFAULT '' COMMENT '',
                                  `create_by` varchar(64) CHARACTER SET utf8mb4 COLLATE utf8mb4_general_ci NULL DEFAULT '' COMMENT '',
                                  `create_time` datetime NULL DEFAULT NULL COMMENT '',
                                  `update_by` varchar(64) CHARACTER SET utf8mb4 COLLATE utf8mb4_general_ci NULL DEFAULT '' COMMENT '',
                                  `update_time` datetime NULL DEFAULT NULL COMMENT '',
                                  `del_flag` char(1) CHARACTER SET utf8mb4 COLLATE utf8mb4_general_ci NULL DEFAULT '0' COMMENT '0 2',
                                  PRIMARY KEY (`copy_id`) USING BTREE
) ENGINE = InnoDB CHARACTER SET = utf8mb4 COLLATE = utf8mb4_general_ci COMMENT = '';

-- ----------------------------
-- Table structure for pmhub_wf_deploy_form
-- ----------------------------
DROP TABLE IF EXISTS `pmhub_wf_deploy_form`;
CREATE TABLE `pmhub_wf_deploy_form`  (
                                         `deploy_id` varchar(64) CHARACTER SET utf8mb4 COLLATE utf8mb4_general_ci NOT NULL COMMENT '',
                                         `form_key` varchar(64) CHARACTER SET utf8mb4 COLLATE utf8mb4_general_ci NOT NULL COMMENT 'Key',
                                         `node_key` varchar(64) CHARACTER SET utf8mb4 COLLATE utf8mb4_general_ci NOT NULL COMMENT 'Key',
                                         `form_name` varchar(64) CHARACTER SET utf8mb4 COLLATE utf8mb4_general_ci NULL DEFAULT '' COMMENT '',
                                         `node_name` varchar(255) CHARACTER SET utf8mb4 COLLATE utf8mb4_general_ci NULL DEFAULT '' COMMENT '',
                                         `content` longtext CHARACTER SET utf8mb4 COLLATE utf8mb4_general_ci NULL COMMENT '',
                                         PRIMARY KEY (`deploy_id`, `form_key`, `node_key`) USING BTREE
) ENGINE = InnoDB CHARACTER SET = utf8mb4 COLLATE = utf8mb4_general_ci COMMENT = '';

-- ----------------------------
-- Table structure for pmhub_wf_form
-- ----------------------------
DROP TABLE IF EXISTS `pmhub_wf_form`;
CREATE TABLE `pmhub_wf_form`  (
                                  `form_id` bigint NOT NULL COMMENT '',
                                  `form_name` varchar(64) CHARACTER SET utf8mb4 COLLATE utf8mb4_general_ci NULL DEFAULT '' COMMENT '',
                                  `content` longtext CHARACTER SET utf8mb4 COLLATE utf8mb4_general_ci NULL COMMENT '',
                                  `create_by` varchar(64) CHARACTER SET utf8mb4 COLLATE utf8mb4_general_ci NULL DEFAULT '' COMMENT '',
                                  `create_time` datetime NULL DEFAULT NULL COMMENT '',
                                  `update_by` varchar(64) CHARACTER SET utf8mb4 COLLATE utf8mb4_general_ci NULL DEFAULT '' COMMENT '',
                                  `update_time` datetime NULL DEFAULT NULL COMMENT '',
                                  `remark` varchar(255) CHARACTER SET utf8mb4 COLLATE utf8mb4_general_ci NULL DEFAULT NULL COMMENT '',
                                  `del_flag` char(1) CHARACTER SET utf8mb4 COLLATE utf8mb4_general_ci NULL DEFAULT '0' COMMENT '0 2',
                                  PRIMARY KEY (`form_id`) USING BTREE
) ENGINE = InnoDB CHARACTER SET = utf8mb4 COLLATE = utf8mb4_general_ci COMMENT = '';

-- ----------------------------
-- Table structure for pmhub_wf_model_deploy
-- ----------------------------
DROP TABLE IF EXISTS `pmhub_wf_model_deploy`;
CREATE TABLE `pmhub_wf_model_deploy`  (
                                          `id` varchar(64) CHARACTER SET utf8mb4 COLLATE utf8mb4_general_ci NOT NULL,
                                          `model_id` varchar(64) CHARACTER SET utf8mb4 COLLATE utf8mb4_general_ci NOT NULL COMMENT 'id',
                                          `deployed` tinyint(1) NOT NULL DEFAULT 0 COMMENT '0- 1-',
                                          `created_by` varchar(64) CHARACTER SET utf8mb4 COLLATE utf8mb4_general_ci NULL DEFAULT NULL,
                                          `created_time` datetime NULL DEFAULT NULL,
                                          `updated_by` varchar(64) CHARACTER SET utf8mb4 COLLATE utf8mb4_general_ci NULL DEFAULT NULL,
                                          `updated_time` datetime NULL DEFAULT NULL,
                                          PRIMARY KEY (`id`) USING BTREE
) ENGINE = InnoDB CHARACTER SET = utf8mb4 COLLATE = utf8mb4_general_ci;

-- ----------------------------
-- Table structure for sys_config
-- ----------------------------
DROP TABLE IF EXISTS `sys_config`;
CREATE TABLE `sys_config`  (
                               `config_id` int NOT NULL AUTO_INCREMENT COMMENT '',
                               `config_name` varchar(100) CHARACTER SET utf8mb4 COLLATE utf8mb4_general_ci NULL DEFAULT '' COMMENT '',
                               `config_key` varchar(100) CHARACTER SET utf8mb4 COLLATE utf8mb4_general_ci NULL DEFAULT '' COMMENT '',
                               `config_value` varchar(500) CHARACTER SET utf8mb4 COLLATE utf8mb4_general_ci NULL DEFAULT '' COMMENT '',
                               `config_type` char(1) CHARACTER SET utf8mb4 COLLATE utf8mb4_general_ci NULL DEFAULT 'N' COMMENT 'Y N',
                               `create_by` varchar(64) CHARACTER SET utf8mb4 COLLATE utf8mb4_general_ci NULL DEFAULT '' COMMENT '',
                               `create_time` datetime NULL DEFAULT NULL COMMENT '',
                               `update_by` varchar(64) CHARACTER SET utf8mb4 COLLATE utf8mb4_general_ci NULL DEFAULT '' COMMENT '',
                               `update_time` datetime NULL DEFAULT NULL COMMENT '',
                               `remark` varchar(500) CHARACTER SET utf8mb4 COLLATE utf8mb4_general_ci NULL DEFAULT NULL COMMENT '',
                               PRIMARY KEY (`config_id`) USING BTREE
) ENGINE = InnoDB AUTO_INCREMENT = 101 CHARACTER SET = utf8mb4 COLLATE = utf8mb4_general_ci COMMENT = '';

-- ----------------------------
-- Records of sys_config
-- ----------------------------
BEGIN;
INSERT INTO `sys_config` (`config_id`, `config_name`, `config_key`, `config_value`, `config_type`, `create_by`, `create_time`, `update_by`, `update_time`, `remark`) VALUES (1, '-', 'sys.index.skinName', 'skin-blue', 'Y', 'admin', '2022-12-06 17:32:35', '', NULL, ' skin-blue skin-green skin-purple skin-red skin-yellow'), (2, '-', 'sys.user.initPassword', '123456', 'Y', 'admin', '2022-12-06 17:32:35', '', NULL, ' 123456'), (3, '-', 'sys.index.sideTheme', 'theme-dark', 'Y', 'admin', '2022-12-06 17:32:35', '', NULL, 'theme-darktheme-light'), (4, '-', 'sys.account.captchaEnabled', 'false', 'Y', 'admin', '2022-12-06 17:32:35', '', NULL, 'truefalse'), (5, '-', 'sys.account.registerUser', 'false', 'Y', 'admin', '2022-12-06 17:32:35', '', NULL, 'truefalse');
COMMIT;


-- ----------------------------
-- Table structure for sys_dept
-- ----------------------------
DROP TABLE IF EXISTS `sys_dept`;
CREATE TABLE `sys_dept`  (
                             `dept_id` bigint NOT NULL AUTO_INCREMENT COMMENT 'id',
                             `parent_id` bigint NULL DEFAULT 0 COMMENT 'id',
                             `ancestors` varchar(50) CHARACTER SET utf8mb4 COLLATE utf8mb4_general_ci NULL DEFAULT '' COMMENT '',
                             `dept_name` varchar(30) CHARACTER SET utf8mb4 COLLATE utf8mb4_general_ci NULL DEFAULT '' COMMENT '',
                             `order_num` int NULL DEFAULT 0 COMMENT '',
                             `leader` varchar(20) CHARACTER SET utf8mb4 COLLATE utf8mb4_general_ci NULL DEFAULT NULL COMMENT '',
                             `phone` varchar(11) CHARACTER SET utf8mb4 COLLATE utf8mb4_general_ci NULL DEFAULT NULL COMMENT '',
                             `email` varchar(50) CHARACTER SET utf8mb4 COLLATE utf8mb4_general_ci NULL DEFAULT NULL COMMENT '',
                             `status` char(1) CHARACTER SET utf8mb4 COLLATE utf8mb4_general_ci NULL DEFAULT '0' COMMENT '0 1',
                             `del_flag` char(1) CHARACTER SET utf8mb4 COLLATE utf8mb4_general_ci NULL DEFAULT '0' COMMENT '0 2',
                             `create_by` varchar(64) CHARACTER SET utf8mb4 COLLATE utf8mb4_general_ci NULL DEFAULT '' COMMENT '',
                             `create_time` datetime NULL DEFAULT NULL COMMENT '',
                             `update_by` varchar(64) CHARACTER SET utf8mb4 COLLATE utf8mb4_general_ci NULL DEFAULT '' COMMENT '',
                             `update_time` datetime NULL DEFAULT NULL COMMENT '',
                             PRIMARY KEY (`dept_id`) USING BTREE
) ENGINE = InnoDB AUTO_INCREMENT = 217 CHARACTER SET = utf8mb4 COLLATE = utf8mb4_general_ci COMMENT = '';



-- ----------------------------
-- Records of sys_dept
-- ----------------------------
BEGIN;
INSERT INTO `sys_dept` (`dept_id`, `parent_id`, `ancestors`, `dept_name`, `order_num`, `leader`, `phone`, `email`, `status`, `del_flag`, `create_by`, `create_time`, `update_by`, `update_time`) VALUES (100, 0, '0', 'offer', 0, '', '15833888121', 'ry@qq.com', '0', '0', 'admin', '2022-12-06 17:32:35', 'admin', '2024-03-05 06:48:31'), (101, 211, '0,100,211', 'offer', 9, '', '', 'ry@qq.com', '0', '0', 'admin', '2022-12-06 17:32:35', 'admin', '2024-03-05 06:48:56'), (102, 100, '0,100', '', 2, '', '15888888888', 'ry@qq.com', '0', '2', 'admin', '2022-12-06 17:32:35', '', NULL), (103, 101, '0,100,211,101', '', 2, '', '', '', '0', '0', 'admin', '2022-12-06 17:32:35', 'admin', '2023-01-18 17:43:16'), (104, 101, '0,100,211,101', '', 3, '', '', '', '0', '0', 'admin', '2022-12-06 17:32:35', 'admin', '2024-03-05 06:49:46'), (105, 101, '0,100,211,101', '', 12, '', '15888888888', 'ry@qq.com', '0', '2', 'admin', '2022-12-06 17:32:35', 'admin', '2023-01-19 09:31:23'), (106, 101, '0,100,211,101', '', 4, '', '', '', '0', '0', 'admin', '2022-12-06 17:32:35', 'admin', '2024-03-05 06:49:52'), (107, 101, '0,100,211,101', '', 5, '', '15888888888', 'ry@qq.com', '0', '2', 'admin', '2022-12-06 17:32:35', '', NULL), (108, 102, '0,100,102', '', 1, '', '15888888888', 'ry@qq.com', '0', '2', 'admin', '2022-12-06 17:32:35', '', NULL), (109, 102, '0,100,102', '', 2, '', '15888888888', 'ry@qq.com', '0', '2', 'admin', '2022-12-06 17:32:35', '', NULL), (200, 101, '0,100,211,101', '', 6, NULL, NULL, NULL, '0', '2', 'admin', '2023-01-13 14:05:12', '', NULL), (201, 101, '0,100,211,101', '', 1, '', '', NULL, '0', '0', 'admin', '2023-01-18 15:28:33', 'admin', '2024-03-05 06:49:39'), (202, 102, '0,100,102', '', 3, NULL, NULL, NULL, '0', '2', 'admin', '2023-01-18 15:41:47', '', NULL), (203, 211, '0,100,211', '', 1, NULL, NULL, NULL, '0', '0', 'admin', '2023-01-18 17:24:29', 'admin', '2023-01-18 17:30:57'), (204, 211, '0,100,211', '', 2, NULL, NULL, NULL, '0', '0', 'admin', '2023-01-18 17:25:09', 'admin', '2023-01-18 17:31:23'), (205, 211, '0,100,211', '', 3, NULL, NULL, NULL, '0', '0', 'admin', '2023-01-18 17:25:42', 'admin', '2023-01-18 17:32:33'), (206, 211, '0,100,211', '', 4, NULL, NULL, NULL, '0', '0', 'admin', '2023-01-18 17:26:33', 'admin', '2023-01-18 17:32:56'), (207, 211, '0,100,211', '', 5, NULL, NULL, NULL, '0', '0', 'admin', '2023-01-18 17:27:06', 'admin', '2023-01-18 17:33:14'), (208, 211, '0,100,211', '', 6, NULL, NULL, NULL, '0', '0', 'admin', '2023-01-18 17:27:40', 'admin', '2023-01-18 17:33:34'), (209, 211, '0,100,211', '', 7, NULL, NULL, NULL, '0', '0', 'admin', '2023-01-18 17:28:16', 'admin', '2023-01-18 17:33:51'), (210, 211, '0,100,211', '', 8, NULL, NULL, NULL, '0', '0', 'admin', '2023-01-18 17:29:04', 'admin', '2023-01-18 17:34:03'), (211, 100, '0,100', '', 1, NULL, NULL, NULL, '0', '0', 'admin', '2023-01-18 17:30:22', '', NULL), (212, 211, '0,100,211', '', 10, NULL, NULL, NULL, '0', '0', 'admin', '2023-01-18 17:46:50', '', NULL), (213, 211, '0,100,211', '', 11, NULL, NULL, NULL, '0', '0', 'admin', '2023-01-18 17:47:15', '', NULL), (214, 101, '0,100,211,101', '', 5, '', NULL, NULL, '0', '0', 'dxj', '2023-03-29 14:33:13', 'admin', '2023-04-21 14:49:41'), (215, 101, '0,100,211,101', '', 6, NULL, NULL, NULL, '0', '2', 'dxj', '2023-08-31 18:09:59', 'admin', '2023-08-31 18:10:06'), (216, 106, '0,100,211,101,106', 'eee', 1, NULL, NULL, NULL, '0', '2', 'canghe', '2023-09-22 09:28:22', '', NULL);
COMMIT;


-- ----------------------------
-- Table structure for sys_dict_data
-- ----------------------------
DROP TABLE IF EXISTS `sys_dict_data`;
CREATE TABLE `sys_dict_data`  (
                                  `dict_code` bigint NOT NULL AUTO_INCREMENT COMMENT '',
                                  `dict_sort` int NULL DEFAULT 0 COMMENT '',
                                  `dict_label` varchar(100) CHARACTER SET utf8mb4 COLLATE utf8mb4_general_ci NULL DEFAULT '' COMMENT '',
                                  `dict_value` varchar(100) CHARACTER SET utf8mb4 COLLATE utf8mb4_general_ci NULL DEFAULT '' COMMENT '',
                                  `dict_type` varchar(100) CHARACTER SET utf8mb4 COLLATE utf8mb4_general_ci NULL DEFAULT '' COMMENT '',
                                  `css_class` varchar(100) CHARACTER SET utf8mb4 COLLATE utf8mb4_general_ci NULL DEFAULT NULL COMMENT '',
                                  `list_class` varchar(100) CHARACTER SET utf8mb4 COLLATE utf8mb4_general_ci NULL DEFAULT NULL COMMENT '',
                                  `is_default` char(1) CHARACTER SET utf8mb4 COLLATE utf8mb4_general_ci NULL DEFAULT 'N' COMMENT 'Y N',
                                  `status` char(1) CHARACTER SET utf8mb4 COLLATE utf8mb4_general_ci NULL DEFAULT '0' COMMENT '0 1',
                                  `create_by` varchar(64) CHARACTER SET utf8mb4 COLLATE utf8mb4_general_ci NULL DEFAULT '' COMMENT '',
                                  `create_time` datetime NULL DEFAULT NULL COMMENT '',
                                  `update_by` varchar(64) CHARACTER SET utf8mb4 COLLATE utf8mb4_general_ci NULL DEFAULT '' COMMENT '',
                                  `update_time` datetime NULL DEFAULT NULL COMMENT '',
                                  `remark` varchar(500) CHARACTER SET utf8mb4 COLLATE utf8mb4_general_ci NULL DEFAULT NULL COMMENT '',
                                  PRIMARY KEY (`dict_code`) USING BTREE
) ENGINE = InnoDB AUTO_INCREMENT = 120 CHARACTER SET = utf8mb4 COLLATE = utf8mb4_general_ci COMMENT = '';



-- ----------------------------
-- Records of sys_dict_data
-- ----------------------------
BEGIN;
INSERT INTO `sys_dict_data` (`dict_code`, `dict_sort`, `dict_label`, `dict_value`, `dict_type`, `css_class`, `list_class`, `is_default`, `status`, `create_by`, `create_time`, `update_by`, `update_time`, `remark`) VALUES (1, 1, '', '0', 'sys_user_sex', '', '', 'Y', '0', 'admin', '2022-12-06 17:32:35', '', NULL, ''), (2, 2, '', '1', 'sys_user_sex', '', '', 'N', '0', 'admin', '2022-12-06 17:32:35', '', NULL, ''), (3, 3, '', '2', 'sys_user_sex', '', '', 'N', '0', 'admin', '2022-12-06 17:32:35', '', NULL, ''), (4, 1, '', '0', 'sys_show_hide', '', 'primary', 'Y', '0', 'admin', '2022-12-06 17:32:35', '', NULL, ''), (5, 2, '', '1', 'sys_show_hide', '', 'danger', 'N', '0', 'admin', '2022-12-06 17:32:35', '', NULL, ''), (6, 1, '', '0', 'sys_normal_disable', '', 'primary', 'Y', '0', 'admin', '2022-12-06 17:32:35', '', NULL, ''), (7, 2, '', '1', 'sys_normal_disable', '', 'danger', 'N', '0', 'admin', '2022-12-06 17:32:35', '', NULL, ''), (8, 1, '', '0', 'sys_job_status', '', 'primary', 'Y', '0', 'admin', '2022-12-06 17:32:35', '', NULL, ''), (9, 2, '', '1', 'sys_job_status', '', 'danger', 'N', '0', 'admin', '2022-12-06 17:32:35', '', NULL, ''), (10, 1, '', 'DEFAULT', 'sys_job_group', '', '', 'Y', '0', 'admin', '2022-12-06 17:32:35', '', NULL, ''), (11, 2, '', 'SYSTEM', 'sys_job_group', '', '', 'N', '0', 'admin', '2022-12-06 17:32:35', '', NULL, ''), (12, 1, '', 'Y', 'sys_yes_no', '', 'primary', 'Y', '0', 'admin', '2022-12-06 17:32:35', '', NULL, ''), (13, 2, '', 'N', 'sys_yes_no', '', 'danger', 'N', '0', 'admin', '2022-12-06 17:32:35', '', NULL, ''), (14, 1, '', '1', 'sys_notice_type', '', 'warning', 'Y', '0', 'admin', '2022-12-06 17:32:35', '', NULL, ''), (15, 2, '', '2', 'sys_notice_type', '', 'success', 'N', '0', 'admin', '2022-12-06 17:32:35', '', NULL, ''), (16, 1, '', '0', 'sys_notice_status', '', 'primary', 'Y', '0', 'admin', '2022-12-06 17:32:35', '', NULL, ''), (17, 2, '', '1', 'sys_notice_status', '', 'danger', 'N', '0', 'admin', '2022-12-06 17:32:35', '', NULL, ''), (18, 99, '', '0', 'sys_oper_type', '', 'info', 'N', '0', 'admin', '2022-12-06 17:32:35', '', NULL, ''), (19, 1, '', '1', 'sys_oper_type', '', 'info', 'N', '0', 'admin', '2022-12-06 17:32:35', '', NULL, ''), (20, 2, '', '2', 'sys_oper_type', '', 'info', 'N', '0', 'admin', '2022-12-06 17:32:35', '', NULL, ''), (21, 3, '', '3', 'sys_oper_type', '', 'danger', 'N', '0', 'admin', '2022-12-06 17:32:35', '', NULL, ''), (22, 4, '', '4', 'sys_oper_type', '', 'primary', 'N', '0', 'admin', '2022-12-06 17:32:35', '', NULL, ''), (23, 5, '', '5', 'sys_oper_type', '', 'warning', 'N', '0', 'admin', '2022-12-06 17:32:35', '', NULL, ''), (24, 6, '', '6', 'sys_oper_type', '', 'warning', 'N', '0', 'admin', '2022-12-06 17:32:35', '', NULL, ''), (25, 7, '', '7', 'sys_oper_type', '', 'danger', 'N', '0', 'admin', '2022-12-06 17:32:35', '', NULL, ''), (26, 8, '', '8', 'sys_oper_type', '', 'warning', 'N', '0', 'admin', '2022-12-06 17:32:35', '', NULL, ''), (27, 9, '', '9', 'sys_oper_type', '', 'danger', 'N', '0', 'admin', '2022-12-06 17:32:35', '', NULL, ''), (28, 1, '', '0', 'sys_common_status', '', 'primary', 'N', '0', 'admin', '2022-12-06 17:32:35', '', NULL, ''), (29, 2, '', '1', 'sys_common_status', '', 'danger', 'N', '0', 'admin', '2022-12-06 17:32:35', '', NULL, ''), (103, 1, '', '0', 'project_task_execute_status', NULL, 'default', 'N', '0', 'admin', '2022-12-14 17:04:59', '', NULL, NULL), (104, 2, '', '1', 'project_task_execute_status', NULL, 'default', 'N', '0', 'admin', '2022-12-14 17:05:12', '', NULL, NULL), (105, 3, '', '2', 'project_task_execute_status', NULL, 'default', 'N', '0', 'admin', '2022-12-14 17:05:24', '', NULL, NULL), (114, 4, '', '${startUserLeaderList}', 'var', NULL, 'default', 'N', '0', 'dxj', '2023-04-21 14:00:21', 'dxj', '2023-04-26 09:39:17', NULL), (115, 0, '', '0', 'async_status', NULL, 'primary', 'N', '0', 'admin', '2023-12-22 11:15:07', 'admin', '2023-12-22 11:16:34', NULL), (116, 2, '', '2', 'async_status', NULL, 'success', 'N', '0', 'admin', '2023-12-22 11:15:52', '', NULL, NULL), (117, 1, '', '1', 'async_status', NULL, 'danger', 'N', '0', 'admin', '2023-12-22 11:16:14', '', NULL, NULL), (118, 0, '', '1', 'sxsd_status', NULL, 'primary', 'N', '0', 'admin', '2024-01-15 10:06:45', 'qyh', '2024-01-16 16:47:18', NULL), (119, 1, '', '0', 'sxsd_status', NULL, 'danger', 'N', '0', 'admin', '2024-01-15 10:07:28', 'admin', '2024-01-15 10:09:34', NULL);
COMMIT;


-- ----------------------------
-- Table structure for sys_dict_type
-- ----------------------------
DROP TABLE IF EXISTS `sys_dict_type`;
CREATE TABLE `sys_dict_type`  (
                                  `dict_id` bigint NOT NULL AUTO_INCREMENT COMMENT '',
                                  `dict_name` varchar(100) CHARACTER SET utf8mb4 COLLATE utf8mb4_general_ci NULL DEFAULT '' COMMENT '',
                                  `dict_type` varchar(100) CHARACTER SET utf8mb4 COLLATE utf8mb4_general_ci NULL DEFAULT '' COMMENT '',
                                  `status` char(1) CHARACTER SET utf8mb4 COLLATE utf8mb4_general_ci NULL DEFAULT '0' COMMENT '0 1',
                                  `create_by` varchar(64) CHARACTER SET utf8mb4 COLLATE utf8mb4_general_ci NULL DEFAULT '' COMMENT '',
                                  `create_time` datetime NULL DEFAULT NULL COMMENT '',
                                  `update_by` varchar(64) CHARACTER SET utf8mb4 COLLATE utf8mb4_general_ci NULL DEFAULT '' COMMENT '',
                                  `update_time` datetime NULL DEFAULT NULL COMMENT '',
                                  `remark` varchar(500) CHARACTER SET utf8mb4 COLLATE utf8mb4_general_ci NULL DEFAULT NULL COMMENT '',
                                  PRIMARY KEY (`dict_id`) USING BTREE,
                                  UNIQUE INDEX `dict_type`(`dict_type` ASC) USING BTREE
) ENGINE = InnoDB AUTO_INCREMENT = 105 CHARACTER SET = utf8mb4 COLLATE = utf8mb4_general_ci COMMENT = '';



-- ----------------------------
-- Records of sys_dict_type
-- ----------------------------
BEGIN;
INSERT INTO `sys_dict_type` (`dict_id`, `dict_name`, `dict_type`, `status`, `create_by`, `create_time`, `update_by`, `update_time`, `remark`) VALUES (1, '', 'sys_user_sex', '0', 'admin', '2022-12-06 17:32:35', '', NULL, ''), (2, '', 'sys_show_hide', '0', 'admin', '2022-12-06 17:32:35', '', NULL, ''), (3, '', 'sys_normal_disable', '0', 'admin', '2022-12-06 17:32:35', '', NULL, ''), (4, '', 'sys_job_status', '0', 'admin', '2022-12-06 17:32:35', '', NULL, ''), (5, '', 'sys_job_group', '0', 'admin', '2022-12-06 17:32:35', '', NULL, ''), (6, '', 'sys_yes_no', '0', 'admin', '2022-12-06 17:32:35', '', NULL, ''), (7, '', 'sys_notice_type', '0', 'admin', '2022-12-06 17:32:35', '', NULL, ''), (8, '', 'sys_notice_status', '0', 'admin', '2022-12-06 17:32:35', '', NULL, ''), (9, '', 'sys_oper_type', '0', 'admin', '2022-12-06 17:32:35', '', NULL, ''), (10, '', 'sys_common_status', '0', 'admin', '2022-12-06 17:32:35', '', NULL, ''), (101, '-', 'project_task_execute_status', '0', 'admin', '2022-12-14 17:04:40', '', NULL, '-'), (102, '', 'var', '0', 'dxj', '2023-04-18 11:28:52', 'dxj', '2023-04-21 13:58:44', ''), (103, '', 'async_status', '0', 'admin', '2023-12-22 11:14:35', '', NULL, NULL), (104, 'sxsd-status', 'sxsd_status', '0', 'admin', '2024-01-15 10:05:47', '', NULL, '');
COMMIT;


-- ----------------------------
-- Table structure for sys_job
-- ----------------------------
DROP TABLE IF EXISTS `sys_job`;
CREATE TABLE `sys_job`  (
                            `job_id` bigint NOT NULL AUTO_INCREMENT COMMENT 'ID',
                            `job_name` varchar(64) CHARACTER SET utf8mb4 COLLATE utf8mb4_general_ci NOT NULL DEFAULT '' COMMENT '',
                            `job_group` varchar(64) CHARACTER SET utf8mb4 COLLATE utf8mb4_general_ci NOT NULL DEFAULT 'DEFAULT' COMMENT '',
                            `invoke_target` varchar(500) CHARACTER SET utf8mb4 COLLATE utf8mb4_general_ci NOT NULL COMMENT '',
                            `cron_expression` varchar(255) CHARACTER SET utf8mb4 COLLATE utf8mb4_general_ci NULL DEFAULT '' COMMENT 'cron',
                            `misfire_policy` varchar(20) CHARACTER SET utf8mb4 COLLATE utf8mb4_general_ci NULL DEFAULT '3' COMMENT '1 2 3',
                            `concurrent` char(1) CHARACTER SET utf8mb4 COLLATE utf8mb4_general_ci NULL DEFAULT '1' COMMENT '0 1',
                            `status` char(1) CHARACTER SET utf8mb4 COLLATE utf8mb4_general_ci NULL DEFAULT '0' COMMENT '0 1',
                            `create_by` varchar(64) CHARACTER SET utf8mb4 COLLATE utf8mb4_general_ci NULL DEFAULT '' COMMENT '',
                            `create_time` datetime NULL DEFAULT NULL COMMENT '',
                            `update_by` varchar(64) CHARACTER SET utf8mb4 COLLATE utf8mb4_general_ci NULL DEFAULT '' COMMENT '',
                            `update_time` datetime NULL DEFAULT NULL COMMENT '',
                            `remark` varchar(500) CHARACTER SET utf8mb4 COLLATE utf8mb4_general_ci NULL DEFAULT '' COMMENT '',
                            PRIMARY KEY (`job_id`, `job_name`, `job_group`) USING BTREE
) ENGINE = InnoDB AUTO_INCREMENT = 11 CHARACTER SET = utf8mb4 COLLATE = utf8mb4_general_ci COMMENT = '';


-- ----------------------------
-- Records of sys_job
-- ----------------------------
BEGIN;
INSERT INTO `sys_job` (`job_id`, `job_name`, `job_group`, `invoke_target`, `cron_expression`, `misfire_policy`, `concurrent`, `status`, `create_by`, `create_time`, `update_by`, `update_time`, `remark`) VALUES (1, '', 'DEFAULT', 'ryTask.ryNoParams', '0/10 * * * * ?', '3', '1', '1', 'admin', '2022-12-06 17:32:35', '', NULL, ''), (2, '', 'DEFAULT', 'ryTask.ryParams(\'ry\')', '0/15 * * * * ?', '3', '1', '1', 'admin', '2022-12-06 17:32:35', '', NULL, ''), (3, '', 'DEFAULT', 'ryTask.ryMultipleParams(\'ry\', true, 2000L, 316.50D, 100)', '0/20 * * * * ?', '3', '1', '1', 'admin', '2022-12-06 17:32:35', '', NULL, ''), (4, '', 'DEFAULT', 'com.sxsd.job.task.TaskNotifyTask.taskNotify()', '0 0 9 * * ?', '1', '1', '1', 'admin', '2023-10-12 09:50:01', '', NULL, ''), (5, '', 'DEFAULT', 'com.sxsd.job.task.TaskOverdueNotifyTask.taskNotify()', '0 0 9 * * ?', '1', '1', '1', 'admin', '2023-10-12 09:57:14', '', NULL, ''), (6, '', 'DEFAULT', 'com.sxsd.job.task.TaskOverdueStatusTask.taskNotify()', '0 0 1 * * ?', '1', '1', '1', 'admin', '2023-10-12 09:58:12', '', NULL, ''), (7, '', 'DEFAULT', 'com.sxsd.job.task.TaskOverdueWeekNotifyTask.taskNotify()', '0 0 10 ? * MON', '1', '1', '1', 'admin', '2023-10-12 09:59:12', '', NULL, ''), (8, '', 'DEFAULT', 'com.sxsd.job.task.TodoRemindTask.sayWord()', '0 0 9 1/2 * ?', '1', '1', '1', 'admin', '2023-10-12 10:00:24', '', NULL, ''), (9, '', 'DEFAULT', 'com.sxsd.job.task.MaterialsCountCalcTask.countCalc()', '0 0 3 * * ?', '1', '1', '1', 'admin', '2023-10-12 10:08:14', '', NULL, ''), (10, '', 'DEFAULT', 'com.sxsd.job.task.MaterialsTypeCodeHeadCalcTask.countCalc()', '0 0 1 1 * ?', '1', '1', '1', 'admin', '2023-10-12 10:09:15', 'lisi', '2023-10-23 16:31:03', '');
COMMIT;


-- ----------------------------
-- Table structure for sys_job_log
-- ----------------------------
DROP TABLE IF EXISTS `sys_job_log`;
CREATE TABLE `sys_job_log`  (
                                `job_log_id` bigint NOT NULL AUTO_INCREMENT COMMENT 'ID',
                                `job_name` varchar(64) CHARACTER SET utf8mb4 COLLATE utf8mb4_general_ci NOT NULL COMMENT '',
                                `job_group` varchar(64) CHARACTER SET utf8mb4 COLLATE utf8mb4_general_ci NOT NULL COMMENT '',
                                `invoke_target` varchar(500) CHARACTER SET utf8mb4 COLLATE utf8mb4_general_ci NOT NULL COMMENT '',
                                `job_message` varchar(500) CHARACTER SET utf8mb4 COLLATE utf8mb4_general_ci NULL DEFAULT NULL COMMENT '',
                                `status` char(1) CHARACTER SET utf8mb4 COLLATE utf8mb4_general_ci NULL DEFAULT '0' COMMENT '0 1',
                                `exception_info` varchar(2000) CHARACTER SET utf8mb4 COLLATE utf8mb4_general_ci NULL DEFAULT '' COMMENT '',
                                `create_time` datetime NULL DEFAULT NULL COMMENT '',
                                PRIMARY KEY (`job_log_id`) USING BTREE
) ENGINE = InnoDB AUTO_INCREMENT = 1 CHARACTER SET = utf8mb4 COLLATE = utf8mb4_general_ci COMMENT = '';

-- ----------------------------
-- Records of sys_job_log
-- ----------------------------
BEGIN;
COMMIT;



-- ----------------------------
-- Table structure for sys_logininfor
-- ----------------------------
DROP TABLE IF EXISTS `sys_logininfor`;
CREATE TABLE `sys_logininfor`  (
                                   `info_id` bigint NOT NULL AUTO_INCREMENT COMMENT 'ID',
                                   `user_name` varchar(50) CHARACTER SET utf8mb4 COLLATE utf8mb4_general_ci NULL DEFAULT '' COMMENT '',
                                   `ipaddr` varchar(128) CHARACTER SET utf8mb4 COLLATE utf8mb4_general_ci NULL DEFAULT '' COMMENT 'IP',
                                   `login_location` varchar(255) CHARACTER SET utf8mb4 COLLATE utf8mb4_general_ci NULL DEFAULT '' COMMENT '',
                                   `browser` varchar(50) CHARACTER SET utf8mb4 COLLATE utf8mb4_general_ci NULL DEFAULT '' COMMENT '',
                                   `os` varchar(50) CHARACTER SET utf8mb4 COLLATE utf8mb4_general_ci NULL DEFAULT '' COMMENT '',
                                   `status` char(1) CHARACTER SET utf8mb4 COLLATE utf8mb4_general_ci NULL DEFAULT '0' COMMENT '0 1',
                                   `msg` varchar(255) CHARACTER SET utf8mb4 COLLATE utf8mb4_general_ci NULL DEFAULT '' COMMENT '',
                                   `login_time` datetime NULL DEFAULT NULL COMMENT '',
                                   PRIMARY KEY (`info_id`) USING BTREE
) ENGINE = InnoDB AUTO_INCREMENT = 8873 CHARACTER SET = utf8mb4 COLLATE = utf8mb4_general_ci COMMENT = '';


-- ----------------------------
-- Records of sys_logininfor
-- ----------------------------
BEGIN;
COMMIT;


-- ----------------------------
-- Table structure for sys_menu
-- ----------------------------
DROP TABLE IF EXISTS `sys_menu`;
CREATE TABLE `sys_menu`  (
                             `menu_id` bigint NOT NULL AUTO_INCREMENT COMMENT 'ID',
                             `menu_name` varchar(50) CHARACTER SET utf8mb4 COLLATE utf8mb4_general_ci NOT NULL COMMENT '',
                             `parent_id` bigint NULL DEFAULT 0 COMMENT 'ID',
                             `order_num` int NULL DEFAULT 0 COMMENT '',
                             `path` varchar(200) CHARACTER SET utf8mb4 COLLATE utf8mb4_general_ci NULL DEFAULT '' COMMENT '',
                             `component` varchar(255) CHARACTER SET utf8mb4 COLLATE utf8mb4_general_ci NULL DEFAULT NULL COMMENT '',
                             `query` varchar(255) CHARACTER SET utf8mb4 COLLATE utf8mb4_general_ci NULL DEFAULT NULL COMMENT '',
                             `is_frame` int NULL DEFAULT 1 COMMENT '0 1',
                             `is_cache` int NULL DEFAULT 0 COMMENT '0 1',
                             `menu_type` char(1) CHARACTER SET utf8mb4 COLLATE utf8mb4_general_ci NULL DEFAULT '' COMMENT 'M C F',
                             `visible` char(1) CHARACTER SET utf8mb4 COLLATE utf8mb4_general_ci NULL DEFAULT '0' COMMENT '0 1',
                             `status` char(1) CHARACTER SET utf8mb4 COLLATE utf8mb4_general_ci NULL DEFAULT '0' COMMENT '0 1',
                             `perms` varchar(100) CHARACTER SET utf8mb4 COLLATE utf8mb4_general_ci NULL DEFAULT NULL COMMENT '',
                             `icon` varchar(100) CHARACTER SET utf8mb4 COLLATE utf8mb4_general_ci NULL DEFAULT '#' COMMENT '',
                             `create_by` varchar(64) CHARACTER SET utf8mb4 COLLATE utf8mb4_general_ci NULL DEFAULT '' COMMENT '',
                             `create_time` datetime NULL DEFAULT NULL COMMENT '',
                             `update_by` varchar(64) CHARACTER SET utf8mb4 COLLATE utf8mb4_general_ci NULL DEFAULT '' COMMENT '',
                             `update_time` datetime NULL DEFAULT NULL COMMENT '',
                             `remark` varchar(500) CHARACTER SET utf8mb4 COLLATE utf8mb4_general_ci NULL DEFAULT '' COMMENT '',
                             PRIMARY KEY (`menu_id`) USING BTREE
) ENGINE = InnoDB AUTO_INCREMENT = 2171 CHARACTER SET = utf8mb4 COLLATE = utf8mb4_general_ci COMMENT = '';


-- ----------------------------
-- Records of sys_menu
-- ----------------------------
BEGIN;
INSERT INTO `sys_menu` (`menu_id`, `menu_name`, `parent_id`, `order_num`, `path`, `component`, `query`, `is_frame`, `is_cache`, `menu_type`, `visible`, `status`, `perms`, `icon`, `create_by`, `create_time`, `update_by`, `update_time`, `remark`) VALUES (1, '', 0, 100, 'system', NULL, '', 1, 0, 'M', '0', '0', '', 'system', 'admin', '2022-12-06 17:32:35', 'admin', '2023-02-23 13:53:29', ''), (2, '', 0, 101, 'monitor', NULL, '', 1, 0, 'M', '0', '0', '', 'monitor', 'admin', '2022-12-06 17:32:35', 'admin', '2023-02-23 13:53:35', ''), (3, '', 0, 102, 'tool', NULL, '', 1, 0, 'M', '0', '0', '', 'tool', 'admin', '2022-12-06 17:32:35', 'admin', '2023-02-23 13:53:40', ''), (100, '', 1, 1, 'user', 'system/user/index', '', 1, 1, 'C', '0', '0', 'system:user:list', 'user', 'admin', '2022-12-06 17:32:35', 'admin', '2023-01-18 15:41:08', ''), (101, '', 1, 2, 'role', 'system/role/index', '', 1, 0, 'C', '0', '0', 'system:role:list', 'peoples', 'admin', '2022-12-06 17:32:35', '', NULL, ''), (102, '', 1, 3, 'menu', 'system/menu/index', '', 1, 1, 'C', '0', '0', 'system:menu:list', 'tree-table', 'admin', '2022-12-06 17:32:35', 'admin', '2023-01-18 15:41:12', ''), (103, '', 1, 4, 'dept', 'system/dept/index', '', 1, 0, 'C', '0', '0', 'system:dept:list', 'tree', 'admin', '2022-12-06 17:32:35', '', NULL, ''), (104, '', 1, 5, 'post', 'system/post/index', '', 1, 0, 'C', '0', '0', 'system:post:list', 'post', 'admin', '2022-12-06 17:32:35', '', NULL, ''), (105, '', 1, 6, 'dict', 'system/dict/index', '', 1, 0, 'C', '0', '0', 'system:dict:list', 'dict', 'admin', '2022-12-06 17:32:35', '', NULL, ''), (106, '', 1, 7, 'config', 'system/config/index', '', 1, 0, 'C', '0', '0', 'system:config:list', 'edit', 'admin', '2022-12-06 17:32:35', '', NULL, ''), (107, '', 1, 8, 'notice', 'system/notice/index', '', 1, 0, 'C', '0', '0', 'system:notice:list', 'message', 'admin', '2022-12-06 17:32:35', '', NULL, ''), (108, '', 1, 9, 'log', '', '', 1, 0, 'M', '0', '0', '', 'log', 'admin', '2022-12-06 17:32:35', '', NULL, ''), (109, '', 2, 1, 'online', 'monitor/online/index', '', 1, 0, 'C', '0', '0', 'monitor:online:list', 'online', 'admin', '2022-12-06 17:32:35', '', NULL, ''), (110, '', 2, 2, 'job', 'monitor/job/index', '', 1, 0, 'C', '0', '0', 'monitor:job:list', 'job', 'admin', '2022-12-06 17:32:35', '', NULL, ''), (111, '', 2, 3, 'druid', 'monitor/druid/index', '', 1, 0, 'C', '1', '1', 'monitor:druid:list', 'druid', 'admin', '2022-12-06 17:32:35', '', NULL, ''), (112, '', 2, 4, 'server', 'monitor/server/index', '', 1, 0, 'C', '0', '0', 'monitor:server:list', 'server', 'admin', '2022-12-06 17:32:35', '', NULL, ''), (113, '', 2, 5, 'cache', 'monitor/cache/index', '', 1, 0, 'C', '0', '0', 'monitor:cache:list', 'redis', 'admin', '2022-12-06 17:32:35', '', NULL, ''), (114, '', 2, 6, 'cacheList', 'monitor/cache/list', '', 1, 0, 'C', '0', '0', 'monitor:cache:list', 'redis-list', 'admin', '2022-12-06 17:32:35', '', NULL, ''), (115, '', 3, 1, 'build', 'tool/build/index', '', 1, 0, 'C', '1', '0', 'tool:build:list', 'build', 'admin', '2022-12-06 17:32:35', 'admin', '2023-02-23 17:35:15', ''), (116, '', 3, 2, 'gen', 'tool/gen/index', '', 1, 0, 'C', '0', '0', 'tool:gen:list', 'code', 'admin', '2022-12-06 17:32:35', '', NULL, ''), (117, '', 3, 3, 'swagger', 'tool/swagger/index', '', 1, 0, 'C', '0', '0', 'tool:swagger:list', 'swagger', 'admin', '2022-12-06 17:32:35', '', NULL, ''), (121, '', 1061, 1, 'category', 'workflow/category/index', '', 1, 0, 'C', '0', '0', 'workflow:category:list', 'nested', 'admin', '2023-02-23 13:39:32', '', NULL, ''), (122, '', 1061, 2, 'form', 'workflow/form/index', '', 1, 0, 'C', '0', '0', 'workflow:form:list', 'form', 'admin', '2023-02-23 13:39:32', 'admin', '2023-03-02 17:21:19', ''), (123, '', 1061, 3, 'model', 'workflow/model/index', '', 1, 1, 'C', '0', '0', 'workflow:model:list', 'component', 'admin', '2023-02-23 13:39:32', 'admin', '2023-03-06 14:44:37', ''), (124, '', 1061, 4, 'deploy', 'workflow/deploy/index', '', 1, 0, 'C', '0', '0', 'workflow:deploy:list', 'example', 'admin', '2023-02-23 13:39:32', '', NULL, ''), (125, '', 1062, 1, 'create', 'workflow/work/index', '', 1, 0, 'C', '0', '0', 'workflow:process:startList', 'guide', 'admin', '2023-02-23 13:39:32', 'admin', '2023-03-02 17:24:01', ''), (126, '', 1062, 2, 'own', 'workflow/work/own', '', 1, 0, 'C', '0', '0', 'workflow:process:ownList', 'cascader', 'admin', '2023-02-23 13:39:32', '', NULL, ''), (127, '', 1062, 3, 'todo', 'workflow/work/todo', '', 1, 0, 'C', '0', '0', 'workflow:process:todoList', 'time-range', 'admin', '2023-02-23 13:39:32', '', NULL, ''), (128, '', 1062, 4, 'claim', 'workflow/work/claim', '', 1, 0, 'C', '0', '0', 'workflow:process:claimList', 'checkbox', 'admin', '2023-02-23 13:39:32', '', NULL, ''), (129, '', 1062, 5, 'finished', 'workflow/work/finished', '', 1, 0, 'C', '0', '0', 'workflow:process:finishedList', 'checkbox', 'admin', '2023-02-23 13:39:32', '', NULL, ''), (130, '', 1062, 6, 'copy', 'workflow/work/copy', '', 1, 0, 'C', '0', '0', 'workflow:process:copyList', 'checkbox', 'admin', '2023-02-23 13:39:32', '', NULL, ''), (500, '', 108, 1, 'operlog', 'monitor/operlog/index', '', 1, 0, 'C', '0', '0', 'monitor:operlog:list', 'form', 'admin', '2022-12-06 17:32:35', '', NULL, ''), (501, '', 108, 2, 'logininfor', 'monitor/logininfor/index', '', 1, 0, 'C', '0', '0', 'monitor:logininfor:list', 'logininfor', 'admin', '2022-12-06 17:32:35', '', NULL, ''), (1000, '', 100, 1, '', '', '', 1, 0, 'F', '0', '0', 'system:user:query', '#', 'admin', '2022-12-06 17:32:35', '', NULL, ''), (1001, '', 100, 2, '', '', '', 1, 0, 'F', '0', '0', 'system:user:add', '#', 'admin', '2022-12-06 17:32:35', '', NULL, ''), (1002, '', 100, 3, '', '', '', 1, 0, 'F', '0', '0', 'system:user:edit', '#', 'admin', '2022-12-06 17:32:35', '', NULL, ''), (1003, '', 100, 4, '', '', '', 1, 0, 'F', '0', '0', 'system:user:remove', '#', 'admin', '2022-12-06 17:32:35', '', NULL, ''), (1004, '', 100, 5, '', '', '', 1, 0, 'F', '0', '0', 'system:user:export', '#', 'admin', '2022-12-06 17:32:35', '', NULL, ''), (1005, '', 100, 6, '', '', '', 1, 0, 'F', '0', '0', 'system:user:import', '#', 'admin', '2022-12-06 17:32:35', '', NULL, ''), (1006, '', 100, 7, '', '', '', 1, 0, 'F', '0', '0', 'system:user:resetPwd', '#', 'admin', '2022-12-06 17:32:35', '', NULL, ''), (1007, '', 101, 1, '', '', '', 1, 0, 'F', '0', '0', 'system:role:query', '#', 'admin', '2022-12-06 17:32:35', '', NULL, ''), (1008, '', 101, 2, '', '', '', 1, 0, 'F', '0', '0', 'system:role:add', '#', 'admin', '2022-12-06 17:32:35', '', NULL, ''), (1009, '', 101, 3, '', '', '', 1, 0, 'F', '0', '0', 'system:role:edit', '#', 'admin', '2022-12-06 17:32:35', '', NULL, ''), (1010, '', 101, 4, '', '', '', 1, 0, 'F', '0', '0', 'system:role:remove', '#', 'admin', '2022-12-06 17:32:35', '', NULL, ''), (1011, '', 101, 5, '', '', '', 1, 0, 'F', '0', '0', 'system:role:export', '#', 'admin', '2022-12-06 17:32:35', '', NULL, ''), (1012, '', 102, 1, '', '', '', 1, 0, 'F', '0', '0', 'system:menu:query', '#', 'admin', '2022-12-06 17:32:35', '', NULL, ''), (1013, '', 102, 2, '', '', '', 1, 0, 'F', '0', '0', 'system:menu:add', '#', 'admin', '2022-12-06 17:32:35', '', NULL, ''), (1014, '', 102, 3, '', '', '', 1, 0, 'F', '0', '0', 'system:menu:edit', '#', 'admin', '2022-12-06 17:32:35', '', NULL, ''), (1015, '', 102, 4, '', '', '', 1, 0, 'F', '0', '0', 'system:menu:remove', '#', 'admin', '2022-12-06 17:32:35', '', NULL, ''), (1016, '', 103, 1, '', '', '', 1, 0, 'F', '0', '0', 'system:dept:query', '#', 'admin', '2022-12-06 17:32:35', '', NULL, ''), (1017, '', 103, 2, '', '', '', 1, 0, 'F', '0', '0', 'system:dept:add', '#', 'admin', '2022-12-06 17:32:35', '', NULL, ''), (1018, '', 103, 3, '', '', '', 1, 0, 'F', '0', '0', 'system:dept:edit', '#', 'admin', '2022-12-06 17:32:35', '', NULL, ''), (1019, '', 103, 4, '', '', '', 1, 0, 'F', '0', '0', 'system:dept:remove', '#', 'admin', '2022-12-06 17:32:35', '', NULL, ''), (1020, '', 104, 1, '', '', '', 1, 0, 'F', '0', '0', 'system:post:query', '#', 'admin', '2022-12-06 17:32:35', '', NULL, ''), (1021, '', 104, 2, '', '', '', 1, 0, 'F', '0', '0', 'system:post:add', '#', 'admin', '2022-12-06 17:32:35', '', NULL, ''), (1022, '', 104, 3, '', '', '', 1, 0, 'F', '0', '0', 'system:post:edit', '#', 'admin', '2022-12-06 17:32:35', '', NULL, ''), (1023, '', 104, 4, '', '', '', 1, 0, 'F', '0', '0', 'system:post:remove', '#', 'admin', '2022-12-06 17:32:35', '', NULL, ''), (1024, '', 104, 5, '', '', '', 1, 0, 'F', '0', '0', 'system:post:export', '#', 'admin', '2022-12-06 17:32:35', '', NULL, ''), (1025, '', 105, 1, '#', '', '', 1, 0, 'F', '0', '0', 'system:dict:query', '#', 'admin', '2022-12-06 17:32:35', '', NULL, ''), (1026, '', 105, 2, '#', '', '', 1, 0, 'F', '0', '0', 'system:dict:add', '#', 'admin', '2022-12-06 17:32:35', '', NULL, ''), (1027, '', 105, 3, '#', '', '', 1, 0, 'F', '0', '0', 'system:dict:edit', '#', 'admin', '2022-12-06 17:32:35', '', NULL, ''), (1028, '', 105, 4, '#', '', '', 1, 0, 'F', '0', '0', 'system:dict:remove', '#', 'admin', '2022-12-06 17:32:35', '', NULL, ''), (1029, '', 105, 5, '#', '', '', 1, 0, 'F', '0', '0', 'system:dict:export', '#', 'admin', '2022-12-06 17:32:35', '', NULL, ''), (1030, '', 106, 1, '#', '', '', 1, 0, 'F', '0', '0', 'system:config:query', '#', 'admin', '2022-12-06 17:32:35', '', NULL, ''), (1031, '', 106, 2, '#', '', '', 1, 0, 'F', '0', '0', 'system:config:add', '#', 'admin', '2022-12-06 17:32:35', '', NULL, ''), (1032, '', 106, 3, '#', '', '', 1, 0, 'F', '0', '0', 'system:config:edit', '#', 'admin', '2022-12-06 17:32:35', '', NULL, ''), (1033, '', 106, 4, '#', '', '', 1, 0, 'F', '0', '0', 'system:config:remove', '#', 'admin', '2022-12-06 17:32:35', '', NULL, ''), (1034, '', 106, 5, '#', '', '', 1, 0, 'F', '0', '0', 'system:config:export', '#', 'admin', '2022-12-06 17:32:35', '', NULL, ''), (1035, '', 107, 1, '#', '', '', 1, 0, 'F', '0', '0', 'system:notice:query', '#', 'admin', '2022-12-06 17:32:35', '', NULL, ''), (1036, '', 107, 2, '#', '', '', 1, 0, 'F', '0', '0', 'system:notice:add', '#', 'admin', '2022-12-06 17:32:35', '', NULL, ''), (1037, '', 107, 3, '#', '', '', 1, 0, 'F', '0', '0', 'system:notice:edit', '#', 'admin', '2022-12-06 17:32:35', '', NULL, ''), (1038, '', 107, 4, '#', '', '', 1, 0, 'F', '0', '0', 'system:notice:remove', '#', 'admin', '2022-12-06 17:32:35', '', NULL, ''), (1039, '', 500, 1, '#', '', '', 1, 0, 'F', '0', '0', 'monitor:operlog:query', '#', 'admin', '2022-12-06 17:32:35', '', NULL, ''), (1040, '', 500, 2, '#', '', '', 1, 0, 'F', '0', '0', 'monitor:operlog:remove', '#', 'admin', '2022-12-06 17:32:35', '', NULL, ''), (1041, '', 500, 3, '#', '', '', 1, 0, 'F', '0', '0', 'monitor:operlog:export', '#', 'admin', '2022-12-06 17:32:35', '', NULL, ''), (1042, '', 501, 1, '#', '', '', 1, 0, 'F', '0', '0', 'monitor:logininfor:query', '#', 'admin', '2022-12-06 17:32:35', '', NULL, ''), (1043, '', 501, 2, '#', '', '', 1, 0, 'F', '0', '0', 'monitor:logininfor:remove', '#', 'admin', '2022-12-06 17:32:35', '', NULL, ''), (1044, '', 501, 3, '#', '', '', 1, 0, 'F', '0', '0', 'monitor:logininfor:export', '#', 'admin', '2022-12-06 17:32:35', '', NULL, ''), (1045, '', 501, 4, '#', '', '', 1, 0, 'F', '0', '0', 'monitor:logininfor:unlock', '#', 'admin', '2022-12-06 17:32:35', '', NULL, ''), (1046, '', 109, 1, '#', '', '', 1, 0, 'F', '0', '0', 'monitor:online:query', '#', 'admin', '2022-12-06 17:32:35', '', NULL, ''), (1047, '', 109, 2, '#', '', '', 1, 0, 'F', '0', '0', 'monitor:online:batchLogout', '#', 'admin', '2022-12-06 17:32:35', '', NULL, ''), (1048, '', 109, 3, '#', '', '', 1, 0, 'F', '0', '0', 'monitor:online:forceLogout', '#', 'admin', '2022-12-06 17:32:35', '', NULL, ''), (1049, '', 110, 1, '#', '', '', 1, 0, 'F', '0', '0', 'monitor:job:query', '#', 'admin', '2022-12-06 17:32:35', '', NULL, ''), (1050, '', 110, 2, '#', '', '', 1, 0, 'F', '0', '0', 'monitor:job:add', '#', 'admin', '2022-12-06 17:32:35', '', NULL, ''), (1051, '', 110, 3, '#', '', '', 1, 0, 'F', '0', '0', 'monitor:job:edit', '#', 'admin', '2022-12-06 17:32:35', '', NULL, ''), (1052, '', 110, 4, '#', '', '', 1, 0, 'F', '0', '0', 'monitor:job:remove', '#', 'admin', '2022-12-06 17:32:35', '', NULL, ''), (1053, '', 110, 5, '#', '', '', 1, 0, 'F', '0', '0', 'monitor:job:changeStatus', '#', 'admin', '2022-12-06 17:32:35', '', NULL, ''), (1054, '', 110, 6, '#', '', '', 1, 0, 'F', '0', '0', 'monitor:job:export', '#', 'admin', '2022-12-06 17:32:35', '', NULL, ''), (1055, '', 116, 1, '#', '', '', 1, 0, 'F', '0', '0', 'tool:gen:query', '#', 'admin', '2022-12-06 17:32:35', '', NULL, ''), (1056, '', 116, 2, '#', '', '', 1, 0, 'F', '0', '0', 'tool:gen:edit', '#', 'admin', '2022-12-06 17:32:35', '', NULL, ''), (1057, '', 116, 3, '#', '', '', 1, 0, 'F', '0', '0', 'tool:gen:remove', '#', 'admin', '2022-12-06 17:32:35', '', NULL, ''), (1058, '', 116, 4, '#', '', '', 1, 0, 'F', '0', '0', 'tool:gen:import', '#', 'admin', '2022-12-06 17:32:35', '', NULL, ''), (1059, '', 116, 5, '#', '', '', 1, 0, 'F', '0', '0', 'tool:gen:preview', '#', 'admin', '2022-12-06 17:32:35', '', NULL, ''), (1060, '', 116, 6, '#', '', '', 1, 0, 'F', '0', '0', 'tool:gen:code', '#', 'admin', '2022-12-06 17:32:35', '', NULL, ''), (1061, '', 0, 8, 'process', NULL, '', 1, 0, 'M', '0', '0', '', 'skill', 'admin', '2023-02-23 13:39:32', 'admin', '2023-02-23 14:32:47', ''), (1062, '', 0, 7, 'work', NULL, '', 1, 0, 'M', '0', '0', '', 'job', 'admin', '2023-02-23 13:39:32', 'admin', '2023-02-23 14:32:42', ''), (1140, '', 121, 1, '#', '', '', 1, 0, 'F', '0', '0', 'workflow:category:query', '#', 'admin', '2023-02-23 13:39:32', '', NULL, ''), (1141, '', 121, 2, '#', '', '', 1, 0, 'F', '0', '0', 'workflow:category:add', '#', 'admin', '2023-02-23 13:39:32', '', NULL, ''), (1142, '', 121, 3, '#', '', '', 1, 0, 'F', '0', '0', 'workflow:category:edit', '#', 'admin', '2023-02-23 13:39:32', '', NULL, ''), (1143, '', 121, 4, '#', '', '', 1, 0, 'F', '0', '0', 'workflow:category:remove', '#', 'admin', '2023-02-23 13:39:32', '', NULL, ''), (1144, '', 121, 5, '#', '', '', 1, 0, 'F', '0', '0', 'workflow:category:listAll', '#', 'admin', '2023-02-24 10:27:30', '', NULL, ''), (1150, '', 122, 1, '#', '', '', 1, 0, 'F', '0', '0', 'workflow:form:query', '#', 'admin', '2023-02-23 13:39:32', '', NULL, ''), (1151, '', 122, 2, '#', '', '', 1, 0, 'F', '0', '0', 'workflow:form:add', '#', 'admin', '2023-02-23 13:39:32', '', NULL, ''), (1152, '', 122, 3, '#', '', '', 1, 0, 'F', '0', '0', 'workflow:form:edit', '#', 'admin', '2023-02-23 13:39:32', '', NULL, ''), (1153, '', 122, 4, '#', '', '', 1, 0, 'F', '0', '0', 'workflow:form:remove', '#', 'admin', '2023-02-23 13:39:32', '', NULL, ''), (1154, '', 122, 5, '#', '', '', 1, 0, 'F', '0', '0', 'workflow:form:export', '#', 'admin', '2023-02-23 13:39:32', '', NULL, ''), (1160, '', 123, 1, '#', '', '', 1, 0, 'F', '0', '0', 'workflow:model:query', '#', 'admin', '2023-02-23 13:39:32', '', NULL, ''), (1161, '', 123, 2, '#', '', '', 1, 0, 'F', '0', '0', 'workflow:model:add', '#', 'admin', '2023-02-23 13:39:32', '', NULL, ''), (1162, '', 123, 3, '#', '', '', 1, 0, 'F', '0', '0', 'workflow:model:edit', '#', 'admin', '2023-02-23 13:39:32', '', NULL, ''), (1163, '', 123, 4, '#', '', '', 1, 0, 'F', '0', '0', 'workflow:model:remove', '#', 'admin', '2023-02-23 13:39:32', '', NULL, ''), (1164, '', 123, 5, '#', '', '', 1, 0, 'F', '0', '0', 'workflow:model:export', '#', 'admin', '2023-02-23 13:39:32', '', NULL, ''), (1165, '', 123, 6, '#', '', '', 1, 0, 'F', '0', '0', 'workflow:model:import', '#', 'admin', '2023-02-23 13:39:32', '', NULL, ''), (1166, '', 123, 7, '#', '', '', 1, 0, 'F', '0', '0', 'workflow:model:designer', '#', 'admin', '2023-02-23 13:39:32', '', NULL, ''), (1167, '', 123, 8, '#', '', '', 1, 0, 'F', '0', '0', 'workflow:model:save', '#', 'admin', '2023-02-23 13:39:32', '', NULL, ''), (1168, '', 123, 9, '#', '', '', 1, 0, 'F', '0', '0', 'workflow:model:deploy', '#', 'admin', '2023-02-23 13:39:32', '', NULL, ''), (1170, '', 124, 1, '#', '', '', 1, 0, 'F', '0', '0', 'workflow:deploy:query', '#', 'admin', '2023-02-23 13:39:32', '', NULL, ''), (1171, '', 124, 2, '#', '', '', 1, 0, 'F', '0', '0', 'workflow:deploy:remove', '#', 'admin', '2023-02-23 13:39:32', '', NULL, ''), (1172, '', 124, 3, '#', '', '', 1, 0, 'F', '0', '0', 'workflow:deploy:status', '#', 'admin', '2023-02-23 13:39:32', '', NULL, ''), (1180, '', 125, 1, '#', '', '', 1, 0, 'F', '0', '0', 'workflow:process:start', '#', 'admin', '2023-02-23 13:39:32', '', NULL, ''), (1181, '', 125, 2, '#', '', '', 1, 0, 'F', '0', '0', 'workflow:process:startExport', '#', 'admin', '2023-02-23 13:39:32', '', NULL, ''), (1190, '', 126, 1, '#', '', '', 1, 0, 'F', '0', '0', 'workflow:process:query', '#', 'admin', '2023-02-23 13:39:32', '', NULL, ''), (1191, '', 126, 2, '#', '', '', 1, 0, 'F', '0', '0', 'workflow:process:remove', '#', 'admin', '2023-02-23 13:39:32', '', NULL, ''), (1192, '', 126, 3, '#', '', '', 1, 0, 'F', '0', '0', 'workflow:process:cancel', '#', 'admin', '2023-02-23 13:39:32', '', NULL, ''), (1193, '', 126, 4, '#', '', '', 1, 0, 'F', '0', '0', 'workflow:process:ownExport', '#', 'admin', '2023-02-23 13:39:32', '', NULL, ''), (1200, '', 127, 1, '#', '', '', 1, 0, 'F', '0', '0', 'workflow:process:approval', '#', 'admin', '2023-02-23 13:39:32', '', NULL, ''), (1201, '', 127, 2, '#', '', '', 1, 0, 'F', '0', '0', 'workflow:process:todoExport', '#', 'admin', '2023-02-23 13:39:32', '', NULL, ''), (1210, '', 128, 1, '#', '', '', 1, 0, 'F', '0', '0', 'workflow:process:claim', '#', 'admin', '2023-02-23 13:39:32', '', NULL, ''), (1211, '', 128, 2, '#', '', '', 1, 0, 'F', '0', '0', 'workflow:process:claimExport', '#', 'admin', '2023-02-23 13:39:32', '', NULL, ''), (1220, '', 129, 1, '#', '', '', 1, 0, 'F', '0', '0', 'workflow:process:revoke', '#', 'admin', '2023-02-23 13:39:32', '', NULL, ''), (1221, '', 129, 2, '#', '', '', 1, 0, 'F', '0', '0', 'workflow:process:finishedExport', '#', 'admin', '2023-02-23 13:39:32', '', NULL, ''), (1230, '', 130, 1, '#', '', '', 1, 0, 'F', '0', '0', 'workflow:process:copyExport', '#', 'admin', '2023-02-23 13:39:32', '', NULL, ''), (2001, '', 0, 2, 'pmhub-project', NULL, NULL, 1, 0, 'M', '0', '0', '', 'tab', 'admin', '2022-12-08 09:54:31', 'admin', '2024-03-05 06:02:10', ''), (2002, '', 2001, 1, 'my-project', 'pmhub-project/my-project', NULL, 1, 1, 'C', '0', '0', 'pmhub-project:my-project', 'list', 'admin', '2022-12-08 09:57:17', 'admin', '2024-03-05 06:02:00', ''), (2003, '', 2001, 3, 'my-collection', 'pmhub-project/my-collection', NULL, 1, 1, 'C', '0', '0', 'pmhub-project:my-collection', 'list', 'admin', '2022-12-08 10:01:23', 'admin', '2024-03-05 06:02:30', ''), (2004, '', 2001, 2, 'my-task', 'pmhub-project/my-task', NULL, 1, 1, 'C', '0', '0', 'pmhub-project:my-task', 'list', 'admin', '2022-12-08 10:02:19', 'admin', '2024-03-05 06:02:23', ''), (2005, '', 2001, 4, 'recycle-bin', 'pmhub-project/recycle-bin', NULL, 1, 1, 'C', '0', '0', 'pmhub-project:recycle-bin', 'list', 'admin', '2022-12-08 10:03:09', 'admin', '2024-03-05 06:02:38', ''), (2006, '', 0, 4, 'sxsd-storehouse', NULL, NULL, 1, 0, 'M', '1', '1', '', 'tool', 'admin', '2022-12-08 15:00:39', 'admin', '2024-03-05 06:00:26', ''), (2007, '', 2006, 1, 'storehouse-manage', 'sxsd-storehouse/storehouse-manage', NULL, 1, 1, 'C', '0', '0', '', 'list', 'admin', '2022-12-08 15:20:00', 'admin', '2022-12-21 11:31:54', ''), (2008, '', 0, 3, 'sxsd-purchase', NULL, NULL, 1, 0, 'M', '1', '1', '', 'shopping', 'admin', '2022-12-09 15:41:24', 'admin', '2024-03-05 06:00:16', ''), (2009, '', 0, 5, 'sxsd-materials', NULL, NULL, 1, 0, 'M', '1', '1', '', 'documentation', 'admin', '2022-12-09 15:42:17', 'admin', '2024-03-05 06:00:32', ''), (2010, '', 2008, 3, 'supplier-manage', 'sxsd-purchase/provider-manage', NULL, 1, 0, 'C', '0', '0', '', 'list', 'admin', '2022-12-09 16:06:34', 'admin', '2022-12-13 09:10:04', ''), (2011, '', 2010, 1, '', NULL, NULL, 1, 0, 'F', '0', '0', 'sxsd-purchase:providerManage:query', '#', 'admin', '2022-12-09 16:10:05', 'admin', '2023-01-18 16:45:42', ''), (2012, '', 2007, 1, '', NULL, NULL, 1, 0, 'F', '0', '0', 'storehouse-manage:storemanage:add', '#', 'admin', '2022-12-09 17:59:38', '', NULL, ''), (2013, '', 2007, 2, '', NULL, NULL, 1, 0, 'F', '0', '0', 'storehouse-manage:storemanage:remove', '#', 'admin', '2022-12-09 18:08:46', '', NULL, ''), (2014, '', 2007, 3, '', NULL, NULL, 1, 0, 'F', '0', '0', 'storehouse-manage:storemanage:edit', '#', 'admin', '2022-12-09 18:10:23', '', NULL, ''), (2015, '', 2007, 4, '', NULL, NULL, 1, 0, 'F', '0', '0', 'storehouse-manage:storemanage:list', '#', 'admin', '2022-12-09 18:18:50', 'admin', '2022-12-09 18:30:55', ''), (2016, '', 2002, 4, '', NULL, NULL, 1, 0, 'F', '0', '0', 'pmhub-project:my-project:info', '#', 'admin', '2022-12-12 10:33:04', 'admin', '2022-12-12 10:33:21', ''), (2017, '', 2009, 2, 'materials-sort', 'sxsd-materials/materials-sort', NULL, 1, 0, 'C', '0', '0', '', 'list', 'admin', '2022-12-20 09:13:16', 'admin', '2022-12-21 11:32:17', ''), (2018, '', 2004, 1, '', NULL, NULL, 1, 0, 'F', '0', '0', 'sxsd-project:my-task:info', '#', 'admin', '2022-12-20 09:42:12', '', NULL, ''), (2019, '', 2008, 1, 'purchase-inbound', 'sxsd-purchase/purchase-inbound', NULL, 1, 1, 'C', '0', '0', 'sxsd-purchase:purchase-inbound', 'list', 'admin', '2022-12-20 17:30:05', 'admin', '2022-12-20 17:30:38', ''), (2020, '', 2008, 2, 'purchase-return-outbound', 'sxsd-purchase/purchase-return-outbound', NULL, 1, 1, 'C', '0', '0', 'sxsd-purchase:purchase-return-outbound', 'list', 'admin', '2022-12-20 17:31:38', 'admin', '2022-12-20 17:32:00', ''), (2022, '', 2006, 3, 'other-inbound', 'sxsd-storehouse/other-inbound', NULL, 1, 1, 'C', '0', '0', 'sxsd-storehouse:other-inbound', 'list', 'admin', '2022-12-21 11:55:11', 'admin', '2023-04-11 14:02:01', ''), (2023, '', 2006, 4, 'other-outbound', 'sxsd-storehouse/other-outbound', NULL, 1, 1, 'C', '0', '0', 'sxsd-storehouse:other-outbound', 'list', 'admin', '2022-12-21 11:55:50', 'admin', '2023-04-11 14:02:06', ''), (2024, '', 2009, 1, 'materials-details', 'sxsd-materials/materials-details', NULL, 1, 1, 'C', '0', '0', 'sxsd-materials:materials-details', 'list', 'admin', '2022-12-21 13:42:46', '', NULL, ''), (2025, '', 2009, 3, 'materials-bill', 'sxsd-materials/materials-bill', NULL, 1, 1, 'C', '0', '0', 'sxsd-materials:materials-bill', 'list', 'admin', '2022-12-21 13:43:26', '', NULL, ''), (2028, '', 2016, 1, '', NULL, NULL, 1, 0, 'F', '0', '0', 'project:file:upload', '#', 'admin', '2023-01-04 17:31:41', '', NULL, ''), (2029, '', 2002, 1, '', NULL, NULL, 1, 0, 'F', '0', '0', 'project:manage:add', '#', 'admin', '2023-01-04 17:49:54', '', NULL, ''), (2030, '', 2002, 2, '', NULL, NULL, 1, 0, 'F', '0', '0', 'project:manage:statistics', '#', 'admin', '2023-01-04 17:50:16', '', NULL, ''), (2031, '', 2002, 3, '', NULL, NULL, 1, 0, 'F', '0', '0', 'project:manage:select', '#', 'admin', '2023-01-04 17:50:49', '', NULL, ''), (2033, '', 2002, 18, '', NULL, NULL, 1, 0, 'F', '0', '0', 'project:manage:queryAllProject', '#', 'admin', '2023-01-04 17:52:38', 'admin', '2023-01-05 14:37:04', ''), (2034, '', 2002, 5, '', NULL, NULL, 1, 0, 'F', '0', '0', 'project:manage:doing', '#', 'admin', '2023-01-04 17:53:03', '', NULL, ''), (2035, '-', 2002, 6, '', NULL, NULL, 1, 0, 'F', '0', '0', 'project:task:queryMyTaskList', '#', 'admin', '2023-01-04 17:55:48', '', NULL, ''), (2036, '', 2002, 7, '', NULL, NULL, 1, 0, 'F', '0', '0', 'project:manage:list', '#', 'admin', '2023-01-04 18:02:59', '', NULL, ''), (2037, '', 2002, 8, '', NULL, NULL, 1, 0, 'F', '0', '0', 'project:manage:edit', '#', 'admin', '2023-01-04 18:03:27', '', NULL, ''), (2038, '', 2002, 9, '', NULL, NULL, 1, 0, 'F', '0', '0', 'project:manage:delete', '#', 'admin', '2023-01-04 18:03:58', '', NULL, ''), (2039, '', 2002, 10, '', NULL, NULL, 1, 0, 'F', '0', '0', 'project:manage:archive', '#', 'admin', '2023-01-04 18:04:24', '', NULL, ''), (2040, '', 2002, 11, '', NULL, NULL, 1, 0, 'F', '0', '0', 'project:manage:quit', '#', 'admin', '2023-01-04 18:04:44', '', NULL, ''), (2041, '-', 2002, 12, '', NULL, NULL, 1, 0, 'F', '0', '0', 'project:manage:taskStatisticsByDate', '#', 'admin', '2023-01-04 18:05:03', '', NULL, ''), (2042, '-', 2002, 13, '', NULL, NULL, 1, 0, 'F', '0', '0', 'project:detail:taskList', '#', 'admin', '2023-01-04 18:05:27', '', NULL, ''), (2043, '', 2002, 14, '', NULL, NULL, 1, 0, 'F', '0', '0', 'project:file:upload', '#', 'admin', '2023-01-04 18:08:27', '', NULL, ''), (2044, '', 2002, 15, '', NULL, NULL, 1, 0, 'F', '0', '0', 'project:file:queryFileList', '#', 'admin', '2023-01-04 18:08:53', '', NULL, ''), (2045, '', 2002, 16, '', NULL, NULL, 1, 0, 'F', '0', '0', 'project:file:rename', '#', 'admin', '2023-01-04 18:09:16', '', NULL, ''), (2046, '', 2002, 17, '', NULL, NULL, 1, 0, 'F', '0', '0', 'project:file:delete', '#', 'admin', '2023-01-04 18:09:34', '', NULL, ''), (2047, '-', 2004, 2, '', NULL, NULL, 1, 0, 'F', '0', '0', 'project:task:queryMyTaskList', '#', 'admin', '2023-01-05 14:54:23', '', NULL, ''), (2048, '-', 2004, 3, '', NULL, NULL, 1, 0, 'F', '0', '0', 'project:task:situation', '#', 'admin', '2023-01-05 15:31:15', '', NULL, ''), (2049, '', 2004, 4, '', NULL, NULL, 1, 0, 'F', '0', '0', 'project:task:delete', '#', 'admin', '2023-01-05 15:31:44', '', NULL, ''), (2050, '', 2004, 5, '', NULL, NULL, 1, 0, 'F', '0', '0', 'project:task:detail', '#', 'admin', '2023-01-05 15:32:06', '', NULL, ''), (2051, '-', 2004, 6, '', NULL, NULL, 1, 0, 'F', '0', '0', 'project:task:queryExecutorList', '#', 'admin', '2023-01-05 15:33:07', '', NULL, ''), (2052, '', 2004, 7, '', NULL, NULL, 1, 0, 'F', '0', '0', 'project:task:add', '#', 'admin', '2023-01-05 15:34:44', '', NULL, ''), (2053, '', 2004, 8, '', NULL, NULL, 1, 0, 'F', '0', '0', 'project:task:addChildTask', '#', 'admin', '2023-01-05 15:35:08', '', NULL, ''), (2054, '', 2004, 9, '', NULL, NULL, 1, 0, 'F', '0', '0', 'project:task:edit', '#', 'admin', '2023-01-05 15:40:33', '', NULL, ''), (2055, '', 2004, 10, '', NULL, NULL, 1, 0, 'F', '0', '0', 'project:task:list', '#', 'admin', '2023-01-05 15:40:56', '', NULL, ''), (2056, '', 2004, 11, '', NULL, NULL, 1, 0, 'F', '0', '0', 'project:task:queryChildTask', '#', 'admin', '2023-01-05 15:44:53', '', NULL, ''), (2057, '', 2004, 12, '', NULL, NULL, 1, 0, 'F', '0', '0', 'project:task:addComment', '#', 'admin', '2023-01-05 15:46:02', '', NULL, ''), (2058, '', 2004, 13, '', NULL, NULL, 1, 0, 'F', '0', '0', 'project:task:logList', '#', 'admin', '2023-01-05 15:46:53', '', NULL, ''), (2059, '', 2004, 14, '', NULL, NULL, 1, 0, 'F', '0', '0', 'project:task:import', '#', 'admin', '2023-01-05 15:47:31', '', NULL, ''), (2060, '', 2002, 19, '', NULL, NULL, 1, 0, 'F', '0', '0', 'project:stage:list', '#', 'admin', '2023-01-05 15:53:02', '', NULL, ''), (2061, '', 2002, 20, '', NULL, NULL, 1, 0, 'F', '0', '0', 'project:stage:add', '#', 'admin', '2023-01-05 15:53:33', '', NULL, ''), (2062, '', 2002, 21, '', NULL, NULL, 1, 0, 'F', '0', '0', 'project:stage:edit', '#', 'admin', '2023-01-05 15:53:56', '', NULL, ''), (2063, '', 2002, 22, '', NULL, NULL, 1, 0, 'F', '0', '0', 'project:stage:delete', '#', 'admin', '2023-01-05 15:54:16', '', NULL, ''), (2064, '', 2002, 23, '', NULL, NULL, 1, 0, 'F', '0', '0', 'project:member:inviteMemberList', '#', 'admin', '2023-01-05 15:56:00', '', NULL, ''), (2065, '', 2002, 24, '', NULL, NULL, 1, 0, 'F', '0', '0', 'project:member:removeMemberList', '#', 'admin', '2023-01-05 15:56:22', '', NULL, ''), (2066, '', 2002, 25, '', NULL, NULL, 1, 0, 'F', '0', '0', 'project:member:list', '#', 'admin', '2023-01-05 15:56:39', '', NULL, ''), (2067, '', 2002, 26, '', NULL, NULL, 1, 0, 'F', '0', '0', 'project:member:queryUserList', '#', 'admin', '2023-01-05 15:57:03', '', NULL, ''), (2068, '', 2002, 27, '', NULL, NULL, 1, 0, 'F', '0', '0', 'project:member:queryUserListById', '#', 'admin', '2023-01-05 15:57:37', '', NULL, ''), (2069, '', 2002, 28, '', NULL, NULL, 1, 0, 'F', '0', '0', 'project:log:list', '#', 'admin', '2023-01-05 15:58:06', '', NULL, ''), (2070, '', 2002, 30, '', NULL, NULL, 1, 0, 'F', '0', '0', 'project:manage:collect', '#', 'admin', '2023-01-05 15:59:10', '', NULL, ''), (2071, '', 2002, 31, '', NULL, NULL, 1, 0, 'F', '0', '0', 'project:manage:cancelCollect', '#', 'admin', '2023-01-05 15:59:29', '', NULL, ''), (2074, '', 0, 1, '', NULL, NULL, 1, 0, 'M', '1', '1', '', 'dashboard', 'admin', '2023-01-13 15:33:05', 'admin', '2023-02-23 14:26:08', ''), (2075, '', 2074, 1, '', NULL, NULL, 1, 0, 'F', '0', '0', 'project:manage:statistics', '#', 'admin', '2023-01-13 15:35:27', '', NULL, ''), (2076, '', 2074, 2, '', NULL, NULL, 1, 0, 'F', '0', '0', 'project:manage:select', '#', 'admin', '2023-01-13 15:35:53', '', NULL, ''), (2077, '', 2074, 3, '', NULL, NULL, 1, 0, 'F', '0', '0', 'project:manage:doing', '#', 'admin', '2023-01-13 15:36:13', '', NULL, ''), (2078, '-', 2074, 4, '', NULL, NULL, 1, 0, 'F', '0', '0', 'project:task:queryMyTaskList', '#', 'admin', '2023-01-13 15:37:15', '', NULL, ''), (2079, '', 2024, 0, '', NULL, NULL, 1, 0, 'F', '0', '0', 'materials:materials:list', '#', 'admin', '2023-01-18 16:35:00', 'admin', '2023-01-18 16:44:41', ''), (2080, '', 2024, 1, '', NULL, NULL, 1, 0, 'F', '0', '0', 'materials:materials:add', '#', 'admin', '2023-01-18 16:37:06', '', NULL, ''), (2081, '', 2024, 2, '', NULL, NULL, 1, 0, 'F', '0', '0', 'materials:materials:edit', '#', 'admin', '2023-01-18 16:37:34', '', NULL, ''), (2082, '', 2024, 3, '', NULL, NULL, 1, 0, 'F', '0', '0', 'materials:materials:delete', '#', 'admin', '2023-01-18 16:37:54', '', NULL, ''), (2083, '', 2017, 0, '', NULL, NULL, 1, 0, 'F', '0', '0', 'materials:materials-type:list', '#', 'admin', '2023-01-18 16:42:06', '', NULL, ''), (2084, '', 2017, 1, '', NULL, NULL, 1, 0, 'F', '0', '0', 'materials:materials-type:add', '#', 'admin', '2023-01-18 16:42:28', '', NULL, ''), (2086, '', 2017, 3, '', NULL, NULL, 1, 0, 'F', '0', '0', 'materials:materials-type:delete', '#', 'admin', '2023-01-18 16:42:59', '', NULL, ''), (2087, '', 2010, 2, '', NULL, NULL, 1, 0, 'F', '0', '0', 'sxsd-purchase:providerManage:list', '#', 'admin', '2023-01-18 16:44:51', '', NULL, ''), (2088, '', 2025, 0, '', NULL, NULL, 1, 0, 'F', '0', '0', 'materials:materials-records:list', '#', 'admin', '2023-01-18 16:45:03', '', NULL, ''), (2091, '', 2010, 3, '', NULL, NULL, 1, 0, 'F', '0', '0', 'sxsd-purchase:providerManage:add', '#', 'admin', '2023-01-18 16:46:05', 'admin', '2023-04-06 14:56:16', ''), (2093, '', 2010, 4, '', NULL, NULL, 1, 0, 'F', '0', '0', 'sxsd-purchase:providerManage:edit', '#', 'admin', '2023-01-18 16:46:23', '', NULL, ''), (2094, '', 2010, 5, '', NULL, NULL, 1, 0, 'F', '0', '0', 'sxsd-purchase:providerManage:remove', '#', 'admin', '2023-01-18 16:46:50', '', NULL, ''), (2095, '', 2017, 2, '', NULL, NULL, 1, 0, 'F', '0', '0', 'materials:materials-type:edit', '#', 'admin', '2023-01-18 16:46:50', '', NULL, ''), (2096, '', 2022, 0, '', NULL, NULL, 1, 0, 'F', '0', '0', 'storehouse:other-into:list', '#', 'admin', '2023-01-18 16:50:52', '', NULL, ''), (2097, '', 2022, 1, '', NULL, NULL, 1, 0, 'F', '0', '0', 'storehouse:other-into:add', '#', 'admin', '2023-01-18 16:51:08', '', NULL, ''), (2098, '', 2022, 2, '', NULL, NULL, 1, 0, 'F', '0', '0', 'storehouse:other-into:edit', '#', 'admin', '2023-01-18 16:51:24', '', NULL, ''), (2099, '', 2022, 3, '', NULL, NULL, 1, 0, 'F', '0', '0', 'storehouse:other-into:delete', '#', 'admin', '2023-01-18 16:51:50', '', NULL, ''), (2100, '', 2023, 0, '', NULL, NULL, 1, 0, 'F', '0', '0', 'storehouse:other-take-out:list', '#', 'admin', '2023-01-18 16:53:37', '', NULL, ''), (2101, '', 2023, 1, '', NULL, NULL, 1, 0, 'F', '0', '0', 'storehouse:other-take-out:add', '#', 'admin', '2023-01-18 16:54:09', '', NULL, ''), (2102, '', 2023, 2, '', NULL, NULL, 1, 0, 'F', '0', '0', 'storehouse:other-take-out:edit', '#', 'admin', '2023-01-18 16:54:49', '', NULL, ''), (2103, '', 2023, 3, '', NULL, NULL, 1, 0, 'F', '0', '0', 'storehouse:other-take-out:delete', '#', 'admin', '2023-01-18 16:55:15', '', NULL, ''), (2104, '', 2019, 0, '', NULL, NULL, 1, 0, 'F', '0', '0', 'purchase:purchase:list', '#', 'admin', '2023-01-18 16:56:41', '', NULL, ''), (2105, '', 2019, 1, '', NULL, NULL, 1, 0, 'F', '0', '0', 'purchase:purchase:add', '#', 'admin', '2023-01-18 16:57:01', '', NULL, ''), (2106, '', 2019, 2, '', NULL, NULL, 1, 0, 'F', '0', '0', 'purchase:purchase:edit', '#', 'admin', '2023-01-18 16:57:19', '', NULL, ''), (2107, '', 2019, 3, '', NULL, NULL, 1, 0, 'F', '0', '0', 'purchase:purchase:delete', '#', 'admin', '2023-01-18 16:57:37', '', NULL, ''), (2108, '', 2020, 0, '', NULL, NULL, 1, 0, 'F', '0', '0', 'purchase:cancel:list', '#', 'admin', '2023-01-18 16:58:40', '', NULL, ''), (2109, '', 2020, 1, '', NULL, NULL, 1, 0, 'F', '0', '0', 'purchase:cancel:add', '#', 'admin', '2023-01-18 16:58:55', '', NULL, ''), (2110, '', 2020, 2, '', NULL, NULL, 1, 0, 'F', '0', '0', 'purchase:cancel:edit', '#', 'admin', '2023-01-18 16:59:11', '', NULL, ''), (2111, '', 2020, 3, '', NULL, NULL, 1, 0, 'F', '0', '0', 'purchase:cancel:delete', '#', 'admin', '2023-01-18 16:59:22', '', NULL, ''), (2112, '', 2010, 6, '', NULL, NULL, 1, 0, 'F', '0', '0', 'sxsd-purchase:providerManage:getProviderName', '#', 'admin', '2023-01-18 17:15:43', 'admin', '2023-01-18 17:15:54', ''), (2113, '', 2024, 4, '', NULL, NULL, 1, 0, 'F', '0', '0', 'materials:materials:export', '#', 'admin', '2023-01-18 17:27:39', '', NULL, ''), (2114, '', 2025, 1, '', NULL, NULL, 1, 0, 'F', '0', '0', 'materials:materials-records:export', '#', 'admin', '2023-01-18 17:28:03', 'admin', '2023-01-18 17:28:15', ''), (2115, '', 2002, 32, '', NULL, NULL, 1, 0, 'F', '0', '0', 'project:manage:detail', '#', 'admin', '2023-01-19 10:54:47', '', NULL, ''), (2116, '', 0, 6, 'sxsd-approval', NULL, NULL, 1, 0, 'M', '0', '1', '', 'checkbox', 'admin', '2023-02-14 14:34:15', 'admin', '2023-02-23 10:00:13', ''), (2117, '', 2116, 1, 'send-application', 'sxsd-approval/send-application', NULL, 1, 1, 'C', '0', '0', 'sxsd-approval:send-application', 'list', 'admin', '2023-02-14 14:35:52', 'admin', '2023-02-14 14:41:26', ''), (2118, '', 2116, 2, 'my-application', 'sxsd-approval/my-application', NULL, 1, 1, 'C', '0', '0', 'sxsd-approval:my-application', 'list', 'admin', '2023-02-14 14:38:24', '', NULL, ''), (2119, '', 2116, 3, 'I-approve', 'sxsd-approval/I-approve', NULL, 1, 1, 'C', '0', '0', 'sxsd-approval:I-approve', 'list', 'admin', '2023-02-14 14:39:00', '', NULL, ''), (2120, '', 2116, 4, 'approval-settings', 'sxsd-approval/approval-settings', NULL, 1, 1, 'C', '0', '0', 'sxsd-approval:approval-settings', 'list', 'admin', '2023-02-14 14:39:36', '', NULL, ''), (2122, '', 2004, 15, '', NULL, NULL, 1, 0, 'F', '0', '0', 'workflow:process:start', '#', 'admin', '2023-03-13 15:29:47', 'admin', '2023-03-13 15:30:34', ''), (2123, '', 2004, 16, '', NULL, NULL, 1, 0, 'F', '0', '0', 'project:file:queryFileList', '#', 'admin', '2023-03-13 15:35:38', 'admin', '2023-03-13 15:36:42', ''), (2124, '', 2004, 17, '', NULL, NULL, 1, 0, 'F', '0', '0', 'project:file:delete', '#', 'admin', '2023-03-13 15:36:09', 'admin', '2023-03-13 15:36:37', ''), (2125, '', 2004, 19, '', NULL, NULL, 1, 0, 'F', '0', '0', 'project:task:updateApprovalSet', '#', 'admin', '2023-03-13 15:41:26', 'admin', '2023-03-13 15:53:27', ''), (2126, '', 2004, 18, '', NULL, NULL, 1, 0, 'F', '0', '0', 'workflow:process:startList', '#', 'admin', '2023-03-13 15:53:14', 'admin', '2023-03-13 15:53:35', ''), (2127, '', 2004, 20, '', NULL, NULL, 1, 0, 'F', '0', '0', 'workflow:category:listAll', '#', 'admin', '2023-03-13 15:53:14', 'admin', '2023-03-13 15:53:35', ''), (2128, '', 2006, 2, 'return-inbound', 'sxsd-storehouse/return-inbound', NULL, 1, 1, 'C', '0', '0', 'sxsd-storehouse:other-inbound', 'list', 'admin', '2023-04-11 14:01:48', 'admin', '2023-04-11 14:07:46', ''), (2129, '', 2128, 0, '', NULL, NULL, 1, 0, 'F', '0', '0', 'storehouse:other-into:list', '#', 'admin', '2023-04-11 14:03:18', 'admin', '2023-04-11 14:03:58', ''), (2130, '', 2128, 1, '', NULL, NULL, 1, 0, 'F', '0', '0', 'storehouse:other-into:add', '#', 'admin', '2023-04-11 14:03:30', 'admin', '2023-04-11 14:04:04', ''), (2131, '', 2128, 2, '', NULL, NULL, 1, 0, 'F', '0', '0', 'storehouse:other-into:edit', '#', 'admin', '2023-04-11 14:03:39', 'admin', '2023-04-11 14:04:16', ''), (2132, '', 2128, 3, '', NULL, NULL, 1, 0, 'F', '0', '0', 'storehouse:other-into:delete', '#', 'admin', '2023-04-11 14:03:47', 'admin', '2023-04-11 14:04:23', ''), (2133, '', 2019, 4, '', NULL, NULL, 1, 0, 'F', '0', '0', 'purchase:inbound:updateApprovalSet', '#', 'admin', '2023-05-05 09:29:33', '', NULL, ''), (2134, '', 2020, 4, '', NULL, NULL, 1, 0, 'F', '0', '0', 'purchase:outbound:updateApprovalSet', '#', 'admin', '2023-05-05 09:30:16', '', NULL, ''), (2135, '', 2019, 5, '', NULL, NULL, 1, 0, 'F', '0', '0', 'purchase:inbound:approve', '#', 'admin', '2023-05-05 09:30:44', '', NULL, ''), (2136, '', 2020, 5, '', NULL, NULL, 1, 0, 'F', '0', '0', 'purchase:outbound:approve', '#', 'admin', '2023-05-05 09:31:04', '', NULL, ''), (2137, '', 2128, 4, '', NULL, NULL, 1, 0, 'F', '0', '0', 'storehouse:returnInto:updateApprovalSet', '#', 'admin', '2023-05-05 09:32:42', '', NULL, ''), (2138, '', 2022, 4, '', NULL, NULL, 1, 0, 'F', '0', '0', 'storehouse:otherInto:updateApprovalSet', '#', 'admin', '2023-05-05 09:33:06', '', NULL, ''), (2139, '', 2023, 4, '', NULL, NULL, 1, 0, 'F', '0', '0', 'storehouse:otherOut:updateApprovalSet', '#', 'admin', '2023-05-05 09:33:33', '', NULL, ''), (2140, '', 2022, 5, '', NULL, NULL, 1, 0, 'F', '0', '0', 'storehouse:otherInto:approve', '#', 'admin', '2023-05-05 09:33:55', '', NULL, ''), (2141, '', 2023, 5, '', NULL, NULL, 1, 0, 'F', '0', '0', 'storehouse:otherOut:approve', '#', 'admin', '2023-05-05 09:34:13', '', NULL, ''), (2142, '', 2128, 5, '', NULL, NULL, 1, 0, 'F', '0', '0', 'storehouse:returnInto:approve', '#', 'admin', '2023-05-05 09:34:35', '', NULL, ''), (2143, '', 2010, 7, '', NULL, NULL, 1, 0, 'F', '0', '0', '	 sxsd-purchase:providerManage:updateApprovalSet', '#', 'admin', '2023-05-09 14:56:48', 'admin', '2023-05-09 14:57:17', ''), (2144, '', 2010, 8, '', NULL, NULL, 1, 0, 'F', '0', '0', 'sxsd-purchase:providerManage:approval', '#', 'admin', '2023-05-09 15:01:08', '', NULL, ''), (2145, '', 2009, 4, 'materials-scrap', 'sxsd-materials/materials-scrap', NULL, 1, 1, 'C', '0', '0', 'sxsd-materials:materials-scrap', 'list', 'admin', '2023-07-04 09:16:41', '', NULL, ''), (2146, '', 2145, 1, '', NULL, NULL, 1, 0, 'F', '0', '0', 'materials:useless:approvalSet', '#', 'admin', '2023-07-07 14:49:56', '', NULL, ''), (2147, '', 2145, 2, '', NULL, NULL, 1, 0, 'F', '0', '0', 'materials:useless:uselessList', '#', 'admin', '2023-07-11 15:07:47', '', NULL, ''), (2148, '', 2145, 3, '', NULL, NULL, 1, 0, 'F', '0', '0', 'materials:useless:approve', '#', 'admin', '2023-07-11 15:08:18', '', NULL, ''), (2149, '', 2145, 4, '', NULL, NULL, 1, 0, 'F', '0', '0', 'materials:useless:opinion', '#', 'admin', '2023-07-13 19:48:54', 'admin', '2023-07-13 19:49:08', ''), (2150, '', 2145, 5, '', NULL, NULL, 1, 0, 'F', '0', '0', 'materials:useless:updatePrincipalId', '#', 'zhangsan', '2023-07-13 19:51:12', '', NULL, ''), (2151, '', 2145, 6, '', NULL, NULL, 1, 0, 'F', '0', '0', 'materials:useless:list', '#', 'admin', '2023-07-13 19:53:53', '', NULL, ''), (2152, '', 2025, 3, '', NULL, NULL, 1, 0, 'F', '0', '0', 'materials:materials-records:import', '#', 'admin', '2023-07-18 16:44:41', 'admin', '2023-07-18 16:45:06', ''), (2153, '', 2024, 5, '', NULL, NULL, 1, 0, 'F', '0', '0', '	 materials:materials:import', '#', 'admin', '2023-07-19 15:53:23', 'admin', '2023-07-19 15:53:47', ''), (2154, '', 124, 4, '', NULL, NULL, 1, 0, 'F', '0', '0', 'workflow:deploy:state', '#', 'admin', '2023-07-21 09:51:06', '', NULL, ''), (2155, '', 2145, 7, '', NULL, NULL, 1, 0, 'F', '0', '0', 'materials:useless:export', '#', 'zhangsan', '2023-09-11 11:52:35', '', NULL, ''), (2156, '', 2008, 4, 'provider-sort', 'sxsd-purchase/provider-sort', NULL, 1, 0, 'C', '0', '0', NULL, 'tree', 'admin', '2023-11-16 14:58:15', '', NULL, ''), (2157, '', 3, 3, 'async', 'tool/async/index', NULL, 1, 0, 'C', '0', '0', '', 'druid', 'admin', '2023-12-22 10:27:41', 'zhangsan', '2023-12-27 16:26:24', ''), (2158, '', 2156, 0, '', NULL, NULL, 1, 0, 'F', '0', '0', 'codeautoflow:common-category:list', '#', 'admin', '2024-01-04 14:02:54', '', NULL, ''), (2159, '', 2156, 1, '', NULL, NULL, 1, 0, 'F', '0', '0', 'codeautoflow:common-category:add', '#', 'admin', '2024-01-04 14:03:27', '', NULL, ''), (2160, '', 2156, 2, '', NULL, NULL, 1, 0, 'F', '0', '0', 'codeautoflow:common-category:edit', '#', 'admin', '2024-01-04 14:03:49', '', NULL, ''), (2161, '', 2156, 3, '', NULL, NULL, 1, 0, 'F', '0', '0', 'codeautoflow:common-category:delete', '#', 'admin', '2024-01-04 14:04:13', '', NULL, ''), (2163, '', 3, 10, 'https://nextcloud.sxsdetech.com:8083/', NULL, NULL, 0, 0, 'M', '1', '1', '', 'search', 'test_admin', '2024-01-08 10:32:10', 'admin', '2024-03-05 06:00:56', ''), (2164, '', 3, 5, 'sxsd-tools', 'tool/sxsd-tool/index', NULL, 1, 0, 'C', '1', '1', '', 'tool', 'admin', '2024-01-12 11:17:34', 'admin', '2024-03-05 06:00:47', ''), (2166, '', 2164, 2, '', NULL, NULL, 1, 0, 'F', '0', '0', 'toolManage:toolManage:edit', '#', 'admin', '2024-01-15 15:40:23', 'admin', '2024-01-15 15:42:59', ''), (2167, '', 2164, 3, '', NULL, NULL, 1, 0, 'F', '0', '0', 'toolManage:toolManage:remove', '#', 'admin', '2024-01-15 15:40:51', 'admin', '2024-01-15 15:43:11', ''), (2168, '', 2164, 4, '', NULL, NULL, 1, 0, 'F', '0', '0', 'toolManage:toolManage:add', '#', 'admin', '2024-01-15 15:42:00', 'admin', '2024-01-15 15:42:43', ''), (2169, '', 2164, 5, '', NULL, NULL, 1, 0, 'F', '0', '0', 'toolManage:toolManage:list', '#', 'admin', '2024-01-15 15:46:11', '', NULL, ''), (2170, '', 2164, 1, '', NULL, NULL, 1, 0, 'F', '0', '0', 'toolManage:toolManage:query', '#', 'admin', '2024-01-15 15:46:37', '', NULL, '');
COMMIT;


-- ----------------------------
-- Table structure for sys_notice
-- ----------------------------
DROP TABLE IF EXISTS `sys_notice`;
CREATE TABLE `sys_notice`  (
                               `notice_id` int NOT NULL AUTO_INCREMENT COMMENT 'ID',
                               `notice_title` varchar(50) CHARACTER SET utf8mb4 COLLATE utf8mb4_general_ci NOT NULL COMMENT '',
                               `notice_type` char(1) CHARACTER SET utf8mb4 COLLATE utf8mb4_general_ci NOT NULL COMMENT '1 2',
                               `notice_content` longblob NULL COMMENT '',
                               `status` char(1) CHARACTER SET utf8mb4 COLLATE utf8mb4_general_ci NULL DEFAULT '0' COMMENT '0 1',
                               `create_by` varchar(64) CHARACTER SET utf8mb4 COLLATE utf8mb4_general_ci NULL DEFAULT '' COMMENT '',
                               `create_time` datetime NULL DEFAULT NULL COMMENT '',
                               `update_by` varchar(64) CHARACTER SET utf8mb4 COLLATE utf8mb4_general_ci NULL DEFAULT '' COMMENT '',
                               `update_time` datetime NULL DEFAULT NULL COMMENT '',
                               `remark` varchar(255) CHARACTER SET utf8mb4 COLLATE utf8mb4_general_ci NULL DEFAULT NULL COMMENT '',
                               PRIMARY KEY (`notice_id`) USING BTREE
) ENGINE = InnoDB AUTO_INCREMENT = 11 CHARACTER SET = utf8mb4 COLLATE = utf8mb4_general_ci COMMENT = '';


-- ----------------------------
-- Records of sys_notice
-- ----------------------------
BEGIN;
INSERT INTO `sys_notice` (`notice_id`, `notice_title`, `notice_type`, `notice_content`, `status`, `create_by`, `create_time`, `update_by`, `update_time`, `remark`) VALUES (1, '2018-07-01 ', '2', 0x3C703E3C696D67207372633D222F6465762D6170692F70726F66696C652F75706C6F61642F323032332F30312F30342F77616C6C686176656E2D7A386D7A6F765F3230323330313034313730333334413030332E706E67223EE696B0E78988E69CACE58685E5AEB93C2F703E, '0', 'admin', '2022-12-06 17:32:35', 'admin', '2023-01-04 17:03:37', ''), (2, '2018-07-01 ', '1', 0xE7BBB4E68AA4E58685E5AEB9, '0', 'admin', '2022-12-06 17:32:35', '', NULL, ''), (10, '', '1', 0x3C703E3C696D67207372633D222F73746167652D6170692F70726F66696C652F75706C6F61642F323032332F30312F30342F346538643135666638616163623166666235316138653730356130346661665F3230323330313034313730333338413030312E6A7067223E3C2F703E, '0', 'admin', '2023-01-04 17:04:00', '', NULL, NULL);
COMMIT;


-- ----------------------------
-- Table structure for sys_oper_log
-- ----------------------------
DROP TABLE IF EXISTS `sys_oper_log`;
CREATE TABLE `sys_oper_log`  (
                                 `oper_id` bigint NOT NULL AUTO_INCREMENT COMMENT '',
                                 `title` varchar(50) CHARACTER SET utf8mb4 COLLATE utf8mb4_general_ci NULL DEFAULT '' COMMENT '',
                                 `business_type` int NULL DEFAULT 0 COMMENT '0 1 2 3',
                                 `method` varchar(100) CHARACTER SET utf8mb4 COLLATE utf8mb4_general_ci NULL DEFAULT '' COMMENT '',
                                 `request_method` varchar(10) CHARACTER SET utf8mb4 COLLATE utf8mb4_general_ci NULL DEFAULT '' COMMENT '',
                                 `operator_type` int NULL DEFAULT 0 COMMENT '0 1 2',
                                 `oper_name` varchar(50) CHARACTER SET utf8mb4 COLLATE utf8mb4_general_ci NULL DEFAULT '' COMMENT '',
                                 `dept_name` varchar(50) CHARACTER SET utf8mb4 COLLATE utf8mb4_general_ci NULL DEFAULT '' COMMENT '',
                                 `oper_url` varchar(255) CHARACTER SET utf8mb4 COLLATE utf8mb4_general_ci NULL DEFAULT '' COMMENT 'URL',
                                 `oper_ip` varchar(128) CHARACTER SET utf8mb4 COLLATE utf8mb4_general_ci NULL DEFAULT '' COMMENT '',
                                 `oper_location` varchar(255) CHARACTER SET utf8mb4 COLLATE utf8mb4_general_ci NULL DEFAULT '' COMMENT '',
                                 `oper_param` varchar(2000) CHARACTER SET utf8mb4 COLLATE utf8mb4_general_ci NULL DEFAULT '' COMMENT '',
                                 `json_result` varchar(2000) CHARACTER SET utf8mb4 COLLATE utf8mb4_general_ci NULL DEFAULT '' COMMENT '',
                                 `status` int NULL DEFAULT 0 COMMENT '0 1',
                                 `error_msg` varchar(2000) CHARACTER SET utf8mb4 COLLATE utf8mb4_general_ci NULL DEFAULT '' COMMENT '',
                                 `oper_time` datetime NULL DEFAULT NULL COMMENT '',
                                 PRIMARY KEY (`oper_id`) USING BTREE
) ENGINE = InnoDB AUTO_INCREMENT = 13217 CHARACTER SET = utf8mb4 COLLATE = utf8mb4_general_ci COMMENT = '';



-- ----------------------------
-- Table structure for sys_post
-- ----------------------------
DROP TABLE IF EXISTS `sys_post`;
CREATE TABLE `sys_post`  (
                             `post_id` bigint NOT NULL AUTO_INCREMENT COMMENT 'ID',
                             `post_code` varchar(64) CHARACTER SET utf8mb4 COLLATE utf8mb4_general_ci NOT NULL COMMENT '',
                             `post_name` varchar(50) CHARACTER SET utf8mb4 COLLATE utf8mb4_general_ci NOT NULL COMMENT '',
                             `post_sort` int NOT NULL COMMENT '',
                             `status` char(1) CHARACTER SET utf8mb4 COLLATE utf8mb4_general_ci NOT NULL COMMENT '0 1',
                             `create_by` varchar(64) CHARACTER SET utf8mb4 COLLATE utf8mb4_general_ci NULL DEFAULT '' COMMENT '',
                             `create_time` datetime NULL DEFAULT NULL COMMENT '',
                             `update_by` varchar(64) CHARACTER SET utf8mb4 COLLATE utf8mb4_general_ci NULL DEFAULT '' COMMENT '',
                             `update_time` datetime NULL DEFAULT NULL COMMENT '',
                             `remark` varchar(500) CHARACTER SET utf8mb4 COLLATE utf8mb4_general_ci NULL DEFAULT NULL COMMENT '',
                             PRIMARY KEY (`post_id`) USING BTREE
) ENGINE = InnoDB AUTO_INCREMENT = 5 CHARACTER SET = utf8mb4 COLLATE = utf8mb4_general_ci COMMENT = '';

-- ----------------------------
-- Records of sys_post
-- ----------------------------
BEGIN;
INSERT INTO `sys_post` (`post_id`, `post_code`, `post_name`, `post_sort`, `status`, `create_by`, `create_time`, `update_by`, `update_time`, `remark`) VALUES (1, 'ceo', '', 1, '0', 'admin', '2022-12-06 17:32:35', '', NULL, ''), (2, 'se', '', 2, '0', 'admin', '2022-12-06 17:32:35', '', NULL, ''), (3, 'hr', '', 3, '0', 'admin', '2022-12-06 17:32:35', '', NULL, ''), (4, 'user', '', 4, '0', 'admin', '2022-12-06 17:32:35', '', NULL, '');
COMMIT;




-- ----------------------------
-- Table structure for sys_role
-- ----------------------------
DROP TABLE IF EXISTS `sys_role`;
CREATE TABLE `sys_role`  (
                             `role_id` bigint NOT NULL AUTO_INCREMENT COMMENT 'ID',
                             `role_name` varchar(30) CHARACTER SET utf8mb4 COLLATE utf8mb4_general_ci NOT NULL COMMENT '',
                             `role_key` varchar(100) CHARACTER SET utf8mb4 COLLATE utf8mb4_general_ci NOT NULL COMMENT '',
                             `role_sort` int NOT NULL COMMENT '',
                             `data_scope` char(1) CHARACTER SET utf8mb4 COLLATE utf8mb4_general_ci NULL DEFAULT '1' COMMENT '1 2 3 4',
                             `menu_check_strictly` tinyint(1) NULL DEFAULT 1 COMMENT '',
                             `dept_check_strictly` tinyint(1) NULL DEFAULT 1 COMMENT '',
                             `status` char(1) CHARACTER SET utf8mb4 COLLATE utf8mb4_general_ci NOT NULL COMMENT '0 1',
                             `del_flag` char(1) CHARACTER SET utf8mb4 COLLATE utf8mb4_general_ci NULL DEFAULT '0' COMMENT '0 2',
                             `create_by` varchar(64) CHARACTER SET utf8mb4 COLLATE utf8mb4_general_ci NULL DEFAULT '' COMMENT '',
                             `create_time` datetime NULL DEFAULT NULL COMMENT '',
                             `update_by` varchar(64) CHARACTER SET utf8mb4 COLLATE utf8mb4_general_ci NULL DEFAULT '' COMMENT '',
                             `update_time` datetime NULL DEFAULT NULL COMMENT '',
                             `remark` varchar(500) CHARACTER SET utf8mb4 COLLATE utf8mb4_general_ci NULL DEFAULT NULL COMMENT '',
                             PRIMARY KEY (`role_id`) USING BTREE
) ENGINE = InnoDB AUTO_INCREMENT = 114 CHARACTER SET = utf8mb4 COLLATE = utf8mb4_general_ci COMMENT = '';

-- ----------------------------
-- Records of sys_role
-- ----------------------------
BEGIN;
INSERT INTO `sys_role` (`role_id`, `role_name`, `role_key`, `role_sort`, `data_scope`, `menu_check_strictly`, `dept_check_strictly`, `status`, `del_flag`, `create_by`, `create_time`, `update_by`, `update_time`, `remark`) VALUES (1, '', 'admin', 1, '1', 1, 1, '0', '0', 'admin', '2022-12-06 17:32:35', '', NULL, ''), (2, '', 'common', 2, '2', 1, 1, '0', '0', 'admin', '2022-12-06 17:32:35', 'admin', '2023-07-31 11:24:35', ''), (100, 'qyh', 'aaa', 3, '1', 1, 1, '0', '2', 'admin', '2022-12-13 10:46:36', 'admin', '2023-01-04 17:56:09', 'test2'), (101, '', 'testRole', 4, '1', 1, 1, '0', '2', 'admin', '2023-01-04 17:35:10', '', NULL, NULL), (102, '', 'xiangmujingli', 4, '1', 1, 1, '0', '0', 'admin', '2023-01-13 11:28:31', 'admin', '2023-04-12 11:54:19', NULL), (103, '', 'gongyinglian', 5, '1', 1, 1, '0', '0', 'admin', '2023-01-13 11:51:44', 'admin', '2023-01-19 10:38:47', NULL), (104, '', 'cangkuguanliyuan', 6, '1', 1, 1, '0', '0', 'admin', '2023-01-13 13:43:37', 'admin', '2023-07-06 18:12:51', NULL), (105, '', 'index', 0, '1', 1, 1, '0', '2', 'admin', '2023-01-13 15:37:57', '', NULL, NULL), (106, '', 'bumenfuzeren', 7, '1', 1, 1, '0', '0', 'admin', '2023-01-19 11:07:43', 'lala', '2023-07-31 14:25:47', NULL), (107, '', 'flowable', 0, '1', 1, 1, '0', '0', 'admin', '2023-02-24 10:00:32', 'admin', '2023-07-20 09:33:24', NULL), (108, '', 'test_index', 0, '1', 1, 1, '0', '2', 'admin', '2023-03-13 15:21:30', '', NULL, NULL), (109, '', 'test_admin', 0, '1', 1, 1, '0', '0', 'admin', '2023-03-22 11:02:18', 'admin', '2024-01-15 15:50:04', NULL), (110, '', 'caidananniu', 0, '1', 1, 1, '0', '0', 'zy', '2023-05-04 14:47:38', 'zy', '2023-05-04 15:00:58', NULL), (111, '', 'CLASSIFIED_INQUIRER', 10, '1', 0, 0, '0', '0', 'admin', '2023-07-18 11:51:56', 'admin', '2023-12-22 16:07:51', ''), (112, '', '666', 0, '1', 0, 0, '0', '2', 'admin', '2023-07-31 11:25:09', 'admin', '2023-07-31 11:37:09', NULL), (113, '', 'CLASSIFIED_INQUIRER1', 0, '1', 1, 1, '0', '2', 'zy', '2023-08-02 16:42:01', '', NULL, NULL);
COMMIT;

-- ----------------------------
-- Table structure for sys_role_dept
-- ----------------------------
DROP TABLE IF EXISTS `sys_role_dept`;
CREATE TABLE `sys_role_dept`  (
                                  `role_id` bigint NOT NULL COMMENT 'ID',
                                  `dept_id` bigint NOT NULL COMMENT 'ID',
                                  PRIMARY KEY (`role_id`, `dept_id`) USING BTREE
) ENGINE = InnoDB CHARACTER SET = utf8mb4 COLLATE = utf8mb4_general_ci COMMENT = '';

-- ----------------------------
-- Records of sys_role_dept
-- ----------------------------
BEGIN;
INSERT INTO `sys_role_dept` (`role_id`, `dept_id`) VALUES (2, 100), (2, 101), (2, 105);
COMMIT;

-- ----------------------------
-- Table structure for sys_role_menu
-- ----------------------------
DROP TABLE IF EXISTS `sys_role_menu`;
CREATE TABLE `sys_role_menu`  (
                                  `role_id` bigint NOT NULL COMMENT 'ID',
                                  `menu_id` bigint NOT NULL COMMENT 'ID',
                                  PRIMARY KEY (`role_id`, `menu_id`) USING BTREE
) ENGINE = InnoDB CHARACTER SET = utf8mb4 COLLATE = utf8mb4_general_ci COMMENT = '';


-- ----------------------------
-- Records of sys_role_menu
-- ----------------------------
BEGIN;
INSERT INTO `sys_role_menu` (`role_id`, `menu_id`) VALUES (2, 2001), (2, 2002), (2, 2003), (2, 2004), (2, 2005), (2, 2016), (2, 2018), (2, 2028), (2, 2029), (2, 2030), (2, 2031), (2, 2033), (2, 2034), (2, 2035), (2, 2036), (2, 2037), (2, 2038), (2, 2039), (2, 2040), (2, 2041), (2, 2042), (2, 2043), (2, 2044), (2, 2045), (2, 2046), (2, 2047), (2, 2048), (2, 2049), (2, 2050), (2, 2051), (2, 2052), (2, 2053), (2, 2054), (2, 2055), (2, 2056), (2, 2057), (2, 2058), (2, 2059), (2, 2060), (2, 2061), (2, 2062), (2, 2063), (2, 2064), (2, 2065), (2, 2066), (2, 2067), (2, 2068), (2, 2069), (2, 2070), (2, 2071), (2, 2074), (2, 2075), (2, 2076), (2, 2077), (2, 2078), (2, 2115), (102, 1), (102, 2), (102, 3), (102, 100), (102, 101), (102, 103), (102, 104), (102, 105), (102, 106), (102, 107), (102, 108), (102, 109), (102, 110), (102, 111), (102, 112), (102, 113), (102, 114), (102, 115), (102, 116), (102, 117), (102, 121), (102, 122), (102, 123), (102, 124), (102, 125), (102, 126), (102, 127), (102, 128), (102, 129), (102, 130), (102, 500), (102, 501), (102, 1000), (102, 1001), (102, 1002), (102, 1003), (102, 1004), (102, 1005), (102, 1006), (102, 1007), (102, 1008), (102, 1009), (102, 1010), (102, 1011), (102, 1016), (102, 1017), (102, 1018), (102, 1019), (102, 1020), (102, 1021), (102, 1022), (102, 1023), (102, 1024), (102, 1025), (102, 1026), (102, 1027), (102, 1028), (102, 1029), (102, 1030), (102, 1031), (102, 1032), (102, 1033), (102, 1034), (102, 1035), (102, 1036), (102, 1037), (102, 1038), (102, 1039), (102, 1040), (102, 1041), (102, 1042), (102, 1043), (102, 1044), (102, 1045), (102, 1046), (102, 1047), (102, 1048), (102, 1049), (102, 1050), (102, 1051), (102, 1052), (102, 1053), (102, 1054), (102, 1055), (102, 1056), (102, 1057), (102, 1058), (102, 1059), (102, 1060), (102, 1061), (102, 1062), (102, 1140), (102, 1141), (102, 1142), (102, 1143), (102, 1144), (102, 1150), (102, 1151), (102, 1152), (102, 1153), (102, 1154), (102, 1160), (102, 1161), (102, 1162), (102, 1163), (102, 1164), (102, 1165), (102, 1166), (102, 1167), (102, 1168), (102, 1170), (102, 1171), (102, 1172), (102, 1180), (102, 1181), (102, 1190), (102, 1191), (102, 1192), (102, 1193), (102, 1200), (102, 1201), (102, 1210), (102, 1211), (102, 1220), (102, 1221), (102, 1230), (102, 2001), (102, 2002), (102, 2003), (102, 2004), (102, 2005), (102, 2006), (102, 2007), (102, 2008), (102, 2009), (102, 2010), (102, 2011), (102, 2015), (102, 2016), (102, 2017), (102, 2018), (102, 2024), (102, 2025), (102, 2028), (102, 2029), (102, 2030), (102, 2031), (102, 2033), (102, 2034), (102, 2035), (102, 2036), (102, 2037), (102, 2038), (102, 2039), (102, 2040), (102, 2041), (102, 2042), (102, 2043), (102, 2044), (102, 2045), (102, 2046), (102, 2047), (102, 2048), (102, 2049), (102, 2050), (102, 2051), (102, 2052), (102, 2053), (102, 2054), (102, 2055), (102, 2056), (102, 2057), (102, 2058), (102, 2059), (102, 2060), (102, 2061), (102, 2062), (102, 2063), (102, 2064), (102, 2065), (102, 2066), (102, 2067), (102, 2068), (102, 2069), (102, 2070), (102, 2071), (102, 2074), (102, 2075), (102, 2076), (102, 2077), (102, 2078), (102, 2079), (102, 2083), (102, 2087), (102, 2088), (102, 2112), (102, 2113), (102, 2116), (102, 2117), (102, 2118), (102, 2119), (102, 2120), (103, 2001), (103, 2002), (103, 2003), (103, 2004), (103, 2005), (103, 2008), (103, 2009), (103, 2010), (103, 2011), (103, 2017), (103, 2018), (103, 2019), (103, 2020), (103, 2024), (103, 2030), (103, 2031), (103, 2033), (103, 2034), (103, 2035), (103, 2036), (103, 2041), (103, 2042), (103, 2044), (103, 2047), (103, 2048), (103, 2050), (103, 2051), (103, 2055), (103, 2056), (103, 2058), (103, 2060), (103, 2067), (103, 2068), (103, 2069), (103, 2074), (103, 2075), (103, 2076), (103, 2077), (103, 2078), (103, 2079), (103, 2080), (103, 2081), (103, 2083), (103, 2084), (103, 2086), (103, 2087), (103, 2091), (103, 2093), (103, 2094), (103, 2095), (103, 2104), (103, 2105), (103, 2106), (103, 2107), (103, 2108), (103, 2109), (103, 2110), (103, 2111), (103, 2112), (103, 2113), (104, 2001), (104, 2002), (104, 2006), (104, 2007), (104, 2008), (104, 2009), (104, 2010), (104, 2011), (104, 2012), (104, 2013), (104, 2014), (104, 2015), (104, 2017), (104, 2019), (104, 2020), (104, 2022), (104, 2023), (104, 2024), (104, 2025), (104, 2033), (104, 2074), (104, 2075), (104, 2076), (104, 2077), (104, 2078), (104, 2079), (104, 2080), (104, 2081), (104, 2082), (104, 2083), (104, 2084), (104, 2086), (104, 2087), (104, 2088), (104, 2091), (104, 2093), (104, 2094), (104, 2095), (104, 2096), (104, 2097), (104, 2098), (104, 2099), (104, 2100), (104, 2101), (104, 2102), (104, 2103), (104, 2104), (104, 2105), (104, 2106), (104, 2107), (104, 2108), (104, 2109), (104, 2110), (104, 2111), (104, 2112), (104, 2113), (104, 2114), (104, 2128), (104, 2129), (104, 2130), (104, 2131), (104, 2132), (104, 2145), (106, 1), (106, 100), (106, 101), (106, 103), (106, 104), (106, 1000), (106, 1001), (106, 1002), (106, 1003), (106, 1004), (106, 1005), (106, 1006), (106, 1007), (106, 1008), (106, 1009), (106, 1010), (106, 1011), (106, 1016), (106, 1017), (106, 1018), (106, 1019), (106, 1020), (106, 1021), (106, 1022), (106, 1023), (106, 1024), (106, 2006), (106, 2007), (106, 2009), (106, 2012), (106, 2013), (106, 2014), (106, 2015), (106, 2017), (106, 2022), (106, 2023), (106, 2024), (106, 2025), (106, 2074), (106, 2075), (106, 2076), (106, 2077), (106, 2078), (106, 2079), (106, 2080), (106, 2081), (106, 2082), (106, 2083), (106, 2084), (106, 2086), (106, 2088), (106, 2095), (106, 2096), (106, 2097), (106, 2098), (106, 2099), (106, 2100), (106, 2101), (106, 2102), (106, 2103), (106, 2113), (106, 2114), (106, 2128), (106, 2129), (106, 2130), (106, 2131), (106, 2132), (106, 2145), (106, 2146), (106, 2147), (106, 2148), (106, 2149), (106, 2150), (106, 2151), (106, 2152), (106, 2153), (107, 1), (107, 2), (107, 3), (107, 100), (107, 101), (107, 102), (107, 103), (107, 104), (107, 105), (107, 106), (107, 107), (107, 108), (107, 109), (107, 110), (107, 111), (107, 112), (107, 113), (107, 114), (107, 115), (107, 116), (107, 117), (107, 121), (107, 122), (107, 123), (107, 124), (107, 125), (107, 126), (107, 127), (107, 128), (107, 129), (107, 130), (107, 500), (107, 501), (107, 1000), (107, 1001), (107, 1002), (107, 1003), (107, 1004), (107, 1005), (107, 1006), (107, 1007), (107, 1008), (107, 1009), (107, 1010), (107, 1011), (107, 1012), (107, 1013), (107, 1014), (107, 1015), (107, 1016), (107, 1017), (107, 1018), (107, 1019), (107, 1020), (107, 1021), (107, 1022), (107, 1023), (107, 1024), (107, 1025), (107, 1026), (107, 1027), (107, 1028), (107, 1029), (107, 1030), (107, 1031), (107, 1032), (107, 1033), (107, 1034), (107, 1035), (107, 1036), (107, 1037), (107, 1038), (107, 1039), (107, 1040), (107, 1041), (107, 1042), (107, 1043), (107, 1044), (107, 1045), (107, 1046), (107, 1047), (107, 1048), (107, 1049), (107, 1050), (107, 1051), (107, 1052), (107, 1053), (107, 1054), (107, 1055), (107, 1056), (107, 1057), (107, 1058), (107, 1059), (107, 1060), (107, 1061), (107, 1062), (107, 1140), (107, 1141), (107, 1142), (107, 1143), (107, 1144), (107, 1150), (107, 1151), (107, 1152), (107, 1153), (107, 1154), (107, 1160), (107, 1161), (107, 1162), (107, 1163), (107, 1164), (107, 1165), (107, 1166), (107, 1167), (107, 1168), (107, 1170), (107, 1171), (107, 1172), (107, 1180), (107, 1181), (107, 1190), (107, 1191), (107, 1192), (107, 1193), (107, 1200), (107, 1201), (107, 1210), (107, 1211), (107, 1220), (107, 1221), (107, 1230), (107, 2001), (107, 2002), (107, 2003), (107, 2004), (107, 2005), (107, 2006), (107, 2007), (107, 2008), (107, 2009), (107, 2010), (107, 2011), (107, 2012), (107, 2013), (107, 2014), (107, 2015), (107, 2016), (107, 2017), (107, 2018), (107, 2019), (107, 2020), (107, 2022), (107, 2023), (107, 2024), (107, 2025), (107, 2028), (107, 2029), (107, 2030), (107, 2031), (107, 2033), (107, 2034), (107, 2035), (107, 2036), (107, 2037), (107, 2038), (107, 2039), (107, 2040), (107, 2041), (107, 2042), (107, 2043), (107, 2044), (107, 2045), (107, 2046), (107, 2047), (107, 2048), (107, 2049), (107, 2050), (107, 2051), (107, 2052), (107, 2053), (107, 2054), (107, 2055), (107, 2056), (107, 2057), (107, 2058), (107, 2059), (107, 2060), (107, 2061), (107, 2062), (107, 2063), (107, 2064), (107, 2065), (107, 2066), (107, 2067), (107, 2068), (107, 2069), (107, 2070), (107, 2071), (107, 2074), (107, 2075), (107, 2076), (107, 2077), (107, 2078), (107, 2079), (107, 2080), (107, 2081), (107, 2082), (107, 2083), (107, 2084), (107, 2086), (107, 2087), (107, 2088), (107, 2091), (107, 2093), (107, 2094), (107, 2095), (107, 2096), (107, 2097), (107, 2098), (107, 2099), (107, 2100), (107, 2101), (107, 2102), (107, 2103), (107, 2104), (107, 2105), (107, 2106), (107, 2107), (107, 2108), (107, 2109), (107, 2110), (107, 2111), (107, 2112), (107, 2113), (107, 2114), (107, 2115), (107, 2116), (107, 2117), (107, 2118), (107, 2119), (107, 2120), (107, 2122), (107, 2123), (107, 2124), (107, 2125), (107, 2126), (107, 2127), (107, 2128), (107, 2129), (107, 2130), (107, 2131), (107, 2132), (107, 2133), (107, 2134), (107, 2135), (107, 2136), (107, 2137), (107, 2138), (107, 2139), (107, 2140), (107, 2141), (107, 2142), (107, 2143), (107, 2144), (107, 2145), (109, 1), (109, 2), (109, 3), (109, 100), (109, 101), (109, 102), (109, 103), (109, 104), (109, 105), (109, 106), (109, 107), (109, 108), (109, 109), (109, 110), (109, 111), (109, 112), (109, 113), (109, 114), (109, 115), (109, 116), (109, 117), (109, 121), (109, 122), (109, 123), (109, 124), (109, 125), (109, 126), (109, 127), (109, 128), (109, 129), (109, 130), (109, 500), (109, 501), (109, 1000), (109, 1001), (109, 1002), (109, 1003), (109, 1004), (109, 1005), (109, 1006), (109, 1007), (109, 1008), (109, 1009), (109, 1010), (109, 1011), (109, 1012), (109, 1013), (109, 1014), (109, 1015), (109, 1016), (109, 1017), (109, 1018), (109, 1019), (109, 1020), (109, 1021), (109, 1022), (109, 1023), (109, 1024), (109, 1025), (109, 1026), (109, 1027), (109, 1028), (109, 1029), (109, 1030), (109, 1031), (109, 1032), (109, 1033), (109, 1034), (109, 1035), (109, 1036), (109, 1037), (109, 1038), (109, 1039), (109, 1040), (109, 1041), (109, 1042), (109, 1043), (109, 1044), (109, 1045), (109, 1046), (109, 1047), (109, 1048), (109, 1049), (109, 1050), (109, 1051), (109, 1052), (109, 1053), (109, 1054), (109, 1055), (109, 1056), (109, 1057), (109, 1058), (109, 1059), (109, 1060), (109, 1061), (109, 1062), (109, 1140), (109, 1141), (109, 1142), (109, 1143), (109, 1144), (109, 1150), (109, 1151), (109, 1152), (109, 1153), (109, 1154), (109, 1160), (109, 1161), (109, 1162), (109, 1163), (109, 1164), (109, 1165), (109, 1166), (109, 1167), (109, 1168), (109, 1170), (109, 1171), (109, 1172), (109, 1180), (109, 1181), (109, 1190), (109, 1191), (109, 1192), (109, 1193), (109, 1200), (109, 1201), (109, 1210), (109, 1211), (109, 1220), (109, 1221), (109, 1230), (109, 2001), (109, 2002), (109, 2003), (109, 2004), (109, 2005), (109, 2006), (109, 2007), (109, 2008), (109, 2009), (109, 2010), (109, 2011), (109, 2012), (109, 2013), (109, 2014), (109, 2015), (109, 2016), (109, 2017), (109, 2018), (109, 2019), (109, 2020), (109, 2022), (109, 2023), (109, 2024), (109, 2025), (109, 2028), (109, 2029), (109, 2030), (109, 2031), (109, 2033), (109, 2034), (109, 2035), (109, 2036), (109, 2037), (109, 2038), (109, 2039), (109, 2040), (109, 2041), (109, 2042), (109, 2043), (109, 2044), (109, 2045), (109, 2046), (109, 2047), (109, 2048), (109, 2049), (109, 2050), (109, 2051), (109, 2052), (109, 2053), (109, 2054), (109, 2055), (109, 2056), (109, 2057), (109, 2058), (109, 2059), (109, 2060), (109, 2061), (109, 2062), (109, 2063), (109, 2064), (109, 2065), (109, 2066), (109, 2067), (109, 2068), (109, 2069), (109, 2070), (109, 2071), (109, 2074), (109, 2075), (109, 2076), (109, 2077), (109, 2078), (109, 2079), (109, 2080), (109, 2081), (109, 2082), (109, 2083), (109, 2084), (109, 2086), (109, 2087), (109, 2088), (109, 2091), (109, 2093), (109, 2094), (109, 2095), (109, 2096), (109, 2097), (109, 2098), (109, 2099), (109, 2100), (109, 2101), (109, 2102), (109, 2103), (109, 2104), (109, 2105), (109, 2106), (109, 2107), (109, 2108), (109, 2109), (109, 2110), (109, 2111), (109, 2112), (109, 2113), (109, 2114), (109, 2115), (109, 2116), (109, 2117), (109, 2118), (109, 2119), (109, 2120), (109, 2122), (109, 2123), (109, 2124), (109, 2125), (109, 2126), (109, 2127), (109, 2128), (109, 2129), (109, 2130), (109, 2131), (109, 2132), (109, 2133), (109, 2134), (109, 2135), (109, 2136), (109, 2137), (109, 2138), (109, 2139), (109, 2140), (109, 2141), (109, 2142), (109, 2143), (109, 2144), (109, 2145), (109, 2146), (109, 2147), (109, 2148), (109, 2149), (109, 2150), (109, 2151), (109, 2152), (109, 2153), (109, 2154), (109, 2155), (109, 2156), (109, 2157), (109, 2158), (109, 2159), (109, 2160), (109, 2161), (109, 2163), (109, 2164), (109, 2166), (109, 2167), (109, 2168), (109, 2169), (109, 2170), (110, 2001), (110, 2002), (110, 2006), (110, 2007), (110, 2008), (110, 2010), (110, 2015), (110, 2019), (110, 2020), (110, 2033), (110, 2104), (110, 2105), (110, 2106), (110, 2107), (110, 2108), (110, 2112), (111, 2157);
COMMIT;


-- ----------------------------
-- Table structure for sys_user
-- ----------------------------
DROP TABLE IF EXISTS `sys_user`;
CREATE TABLE `sys_user`  (
                             `user_id` bigint NOT NULL AUTO_INCREMENT COMMENT 'ID',
                             `dept_id` bigint NULL DEFAULT NULL COMMENT 'ID',
                             `leader_id` varchar(200) CHARACTER SET utf8mb4 COLLATE utf8mb4_general_ci NULL DEFAULT NULL COMMENT 'id',
                             `user_name` varchar(30) CHARACTER SET utf8mb4 COLLATE utf8mb4_general_ci NOT NULL COMMENT '',
                             `user_wx_name` varchar(64) CHARACTER SET utf8mb4 COLLATE utf8mb4_general_ci NULL DEFAULT NULL COMMENT 'id',
                             `nick_name` varchar(30) CHARACTER SET utf8mb4 COLLATE utf8mb4_general_ci NOT NULL COMMENT '',
                             `user_type` varchar(2) CHARACTER SET utf8mb4 COLLATE utf8mb4_general_ci NULL DEFAULT '00' COMMENT '00',
                             `email` varchar(50) CHARACTER SET utf8mb4 COLLATE utf8mb4_general_ci NULL DEFAULT '' COMMENT '',
                             `phonenumber` varchar(11) CHARACTER SET utf8mb4 COLLATE utf8mb4_general_ci NULL DEFAULT '' COMMENT '',
                             `sex` char(1) CHARACTER SET utf8mb4 COLLATE utf8mb4_general_ci NULL DEFAULT '0' COMMENT '0 1 2',
                             `avatar` varchar(100) CHARACTER SET utf8mb4 COLLATE utf8mb4_general_ci NULL DEFAULT '' COMMENT '',
                             `password` varchar(100) CHARACTER SET utf8mb4 COLLATE utf8mb4_general_ci NULL DEFAULT '' COMMENT '',
                             `status` char(1) CHARACTER SET utf8mb4 COLLATE utf8mb4_general_ci NULL DEFAULT '0' COMMENT '0 1',
                             `del_flag` char(1) CHARACTER SET utf8mb4 COLLATE utf8mb4_general_ci NULL DEFAULT '0' COMMENT '0 2',
                             `login_ip` varchar(128) CHARACTER SET utf8mb4 COLLATE utf8mb4_general_ci NULL DEFAULT '' COMMENT 'IP',
                             `login_date` datetime NULL DEFAULT NULL COMMENT '',
                             `create_by` varchar(64) CHARACTER SET utf8mb4 COLLATE utf8mb4_general_ci NULL DEFAULT '' COMMENT '',
                             `create_time` datetime NULL DEFAULT NULL COMMENT '',
                             `update_by` varchar(64) CHARACTER SET utf8mb4 COLLATE utf8mb4_general_ci NULL DEFAULT '' COMMENT '',
                             `update_time` datetime NULL DEFAULT NULL COMMENT '',
                             `remark` varchar(500) CHARACTER SET utf8mb4 COLLATE utf8mb4_general_ci NULL DEFAULT NULL COMMENT '',
                             PRIMARY KEY (`user_id`) USING BTREE,
                             UNIQUE INDEX `sys_user_pk`(`user_name` ASC) USING BTREE
) ENGINE = InnoDB AUTO_INCREMENT = 173 CHARACTER SET = utf8mb4 COLLATE = utf8mb4_general_ci COMMENT = '';


-- ----------------------------
-- Records of sys_user
-- ----------------------------
BEGIN;
INSERT INTO `sys_user` (`user_id`, `dept_id`, `leader_id`, `user_name`, `user_wx_name`, `nick_name`, `user_type`, `email`, `phonenumber`, `sex`, `avatar`, `password`, `status`, `del_flag`, `login_ip`, `login_date`, `create_by`, `create_time`, `update_by`, `update_time`, `remark`) VALUES (1, 100, NULL, 'admin', NULL, '', '00', 'admin@163.com', '13928443627', '0', '/profile/avatar/2024/01/18/blob_20240118182141A001.png', '$2a$10$UajFiB2tRHpzYExMiKywjukf6oiUmzPE3K2pEbvTpnhSZygMRNk3S', '0', '0', '127.0.0.1', '2024-03-05 12:00:28', 'admin', '2022-12-06 17:32:35', '', '2024-03-05 04:00:27', ''), (2, 105, '1', 'ry', NULL, '', '00', 'ry@qq.com', '15666666666', '1', '', '$2a$10$7JB720yubVSZvUI0rEqK/.VqGOZTH.ulu33dHOiBE8ByOhJIrdAu2', '0', '2', '127.0.0.1', '2023-02-14 10:13:38', 'admin', '2022-12-06 17:32:35', '', '2023-02-14 10:13:38', ''), (100, 106, '134', 'py', 'feiji', '', '00', '', '', '0', '', '$2a$10$wt/Kn5ZY3QygH98b6hOXw.A3GZ/nLNkP.zrmCylj4P1SAXGGWptBi', '0', '0', '10.0.2.100', '2023-10-11 14:39:48', 'admin', '2022-12-07 16:18:42', 'admin', '2024-03-05 06:51:05', NULL), (101, 106, '132,129', 'lisi', 'pingguo', '', '00', '3333333@qq.com', '13333333333', '0', '/profile/avatar/2023/01/09/blob_20230109105500A001.png', '$2a$10$2Cp0h9DX4lK0KtdLgHPeVOlvdEwMTvldvDtddzHpSrfmC8YVr/y96', '0', '0', '183.69.244.46', '2023-11-02 15:03:09', 'admin', '2022-12-09 16:51:26', 'admin', '2024-03-05 06:52:42', NULL), (102, 103, '1', 'lgy', NULL, '', '00', '', '', '0', '', '$2a$10$54RBScFM3Gc495atDz44R.lZJx9vNX4/h3fhqV2cp3VZTJKAZbuIG', '0', '2', '10.0.2.100', '2023-01-19 11:34:01', 'admin', '2022-12-09 18:02:01', 'admin', '2023-01-19 11:34:00', ''), (103, NULL, '1', '111', NULL, '', '00', '', '', '0', '', '$2a$10$7a8yuGKnMgur2IuCGCVzX.0HtT31PCqNUZnXdPRc6wf674.B8JCMi', '0', '2', '', NULL, 'admin', '2022-12-15 15:03:20', '', NULL, NULL), (104, 106, '1', 'ldd', NULL, '', '00', '', '', '1', '/profile/avatar/2023/01/11/blob_20230111105608A001.png', '$2a$10$WeekEPtNgyd19RSzpNJtLe8l336ncbZjMDUGVe8UcWJzUN/n5PKVe', '0', '2', '10.0.2.100', '2023-01-13 10:07:16', 'admin', '2023-01-06 14:29:40', 'admin', '2023-01-19 10:54:49', NULL), (105, 201, '1', 'pyw', NULL, '', '00', '', '', '0', '', '$2a$10$sgS4467vLEBWcz8h7lbjwubC6dhLJwf9eIcTntG8zAm1vltd9rWf6', '0', '2', '10.0.2.100', '2023-01-19 15:32:32', 'admin', '2023-01-13 11:30:18', 'admin', '2023-01-19 15:32:31', NULL), (106, 103, '1', 'hql', NULL, '', '00', '', '', '0', '', '$2a$10$NcILu.qgtpRrRNFV3NOrZ.Xc2UK3t.Z6vbEgDT567KtZuRzpxJAmO', '0', '2', '10.0.2.100', '2023-01-13 13:37:18', 'admin', '2023-01-13 11:53:06', 'admin', '2023-01-19 09:39:14', NULL), (107, 201, '1', 'yq', NULL, '', '00', '', '', '1', '', '$2a$10$SvnTKGkQmUATpfC0RtA3EOAnYQw1FjkUQyryMNbarumSLTzR9kp1C', '0', '2', '10.0.2.100', '2023-01-19 11:33:20', 'admin', '2023-01-13 13:45:15', 'admin', '2023-01-19 11:33:20', NULL), (108, 106, '1', 'jb', 'CangHe', '', '00', '2689458656@qq.com', '18603016818', '0', '/profile/avatar/2023/01/17/blob_20230117114119A001.png', '$2a$10$yGr/PuP2eh9YtEhoNhDmZ.h4x.45HPPy9tql4Ws20WFy2SSpdT0Ny', '0', '2', '10.0.2.100', '2023-03-13 13:47:59', 'admin', '2023-01-17 11:35:21', 'admin', '2023-03-13 13:47:58', NULL), (109, 210, '1', 'ljl', NULL, '', '00', '', '', '0', '', '$2a$10$ML4xtpDeDVANhGEnjKrTBONTrxiEAH7Jajxh5q39DzcPIuOQE4Olq', '0', '2', '192.168.40.36', '2023-02-03 10:09:09', 'admin', '2023-01-19 10:57:29', '', '2023-02-03 10:09:09', NULL), (110, 210, '1', 'zcj', NULL, '', '00', '', '', '0', '', '$2a$10$FIDvFtJwz7A4mGhQXYlmcOKZGfBvA/3femFwrAQGwYMd08/P/eFYa', '0', '2', '', NULL, 'admin', '2023-01-19 10:59:49', '', NULL, NULL), (111, 101, '1', 'zyh', NULL, '', '00', '', '', '0', '', '$2a$10$93TYFQNbXYwm/ZYgYPoZK.PtUwYJEasfYVXAs8i4jc/N0XknEOa7C', '0', '2', '10.0.2.100', '2023-01-19 11:22:16', 'admin', '2023-01-19 11:08:32', 'admin', '2023-02-16 15:33:43', '7773'), (112, 103, '1', 'wap', NULL, 'dangao', '00', '', '', '0', '', '$2a$10$Xu0mzWNl7D7Bp0xksOoihuAwrP/bqUh1Cz6ncECJYigvo1KBYbQdC', '0', '0', '', NULL, 'admin', '2023-01-19 11:12:22', 'admin', '2024-03-05 06:52:57', NULL), (128, NULL, '1', 'sinkiang', 'sinkiang', '', '00', 'sinkiang@sxsdslc.wecom.work', '13357124400', '0', '/profile/avatar/2023/02/17/fdf3568d4d4648edbbbabe520358778a_20230217164351A003.png', '9349fb2687df48d798753d578001e06d', '0', '2', '', NULL, '', '2023-02-17 16:43:51', '', NULL, ''), (129, 106, '1', 'zhangsan', 'mianbao', '', '00', '213asd@21slc.wecom.work', '17623522326', '0', '/profile/avatar/2023/02/17/e75ab488cbf84d27a7995aa042a69646_20230217165807A004.png', '$2a$10$is8ty9QeIzL6VTQhq6sfaO/FLq8j87yZpZlQnPYBJd8lK.yN0Qm86', '0', '0', '183.69.244.46', '2024-01-22 19:29:29', '', '2023-02-17 16:58:07', 'admin', '2024-03-05 06:53:25', ''), (130, NULL, '1', 'py2', NULL, '', '00', '', '', '0', '', '$2a$10$L7CegOCket/cqhMWDAkw..5OjySZg1rkJaf6QELzv4LyRl0HMlXXa', '0', '2', '127.0.0.1', '2023-03-08 16:09:09', 'admin', '2023-02-24 14:41:33', 'admin', '2023-03-08 16:09:09', NULL), (131, 106, '1', 'py3', 'test', '', '00', '', '', '0', '', '$2a$10$mbPtp9qsTz8yYiZ363FTjue7tovfXAsH4uTPwQJgTRvIfX7tQh8lu', '0', '2', '127.0.0.1', '2023-03-08 16:09:39', 'admin', '2023-03-07 16:10:37', '', '2023-03-08 16:09:38', NULL), (132, 106, '137,132,101', 'hxq', '02a686311a6bd3ea6c7f5d17dec9c5e4', '', '00', '', '', '0', '/profile/avatar/2023/04/11/blob_20230411164456A001.png', '$2a$10$j.ft.Ec3.SkrQTXLeugf6ew/RvO0zAd/UhSeGHv26/ciGVZ4a5JTm', '0', '0', '183.69.244.46', '2024-02-28 10:05:55', 'admin', '2023-03-08 15:22:49', 'admin', '2024-03-05 06:53:36', NULL), (134, 106, '1', 'canghe', 'CangHe', '', '00', '268231256@qq.com', '18212382341', '0', '', '$2a$10$L7rDjeeLezuwD9vdryb3UuuyrAbXjG4MQCugRfIxnwP2EHiY3I1Cy', '0', '0', '183.69.244.46', '2024-01-10 23:01:04', 'admin', '2023-03-13 15:05:06', 'admin', '2024-03-05 06:51:27', NULL), (136, 214, '1', 'dxj2', NULL, '2', '00', '', '', '0', '', '$2a$10$7uL1kpsZKiIMZ9zYwZYBUOPY.reGirTPMIibxSprCUpbUNtvr.MiC', '0', '0', '10.0.2.100', '2023-04-19 09:34:44', 'admin', '2023-03-13 15:17:36', 'admin', '2024-03-05 06:53:46', NULL), (137, 106, '153,132', 'zy', 'BieGuanDongQiQuNanRen', '', '00', 'bieguandongqiqunanren@sadac.wecom.work', '13981912601', '0', '/profile/avatar/2023/03/22/d376f443d4d54e4aaa4943f2945ec627_20230322105927A002.png', '$2a$10$X90nnF8G0H1CWfKqF51XHOy8UvYkHszfb5bFr1JcUlS.RkF3b9HNC', '0', '0', '183.69.244.46', '2024-01-22 19:06:34', '', '2023-03-22 10:59:27', 'admin', '2024-03-05 06:54:11', ''), (139, 100, '1', 'test_admin', NULL, '', '00', '', '', '0', '', '$2a$10$DbHx3pcHI9m3maNsHkfBCexF9wStdkVUDMRUmfqtDXBDCCY3Ewhg2', '0', '0', '127.0.0.1', '2024-01-08 10:34:37', 'BieGuanDongQiQuNanRen', '2023-03-22 11:16:22', 'zy', '2024-01-08 10:34:38', NULL), (140, 214, '1', 'maie', 'maie', '', '00', 'maie@joinv.cn', '15921278507', '0', '/profile/avatar/2023/04/06/e6416faf1e6f44829b49e198c9c2d499_20230406143653A001.png', '$2a$10$uYzuIaZFBXRthZBftcZeruFNwUU5vpQWK/MOMbC3j/mlBl6.f5B/2', '0', '0', '192.168.40.34', '2023-08-04 15:45:13', '', '2023-04-06 14:36:53', 'admin', '2024-03-05 06:54:25', ''), (141, 214, '1', 'dxj3', NULL, 'dxj3', '00', '', '', '0', '', '$2a$10$Nh9TeJdcS6uNGxvQMvz6mO/ulFFvCxF9HUGMmjIcUoiEXa1SVjFUG', '0', '0', '', NULL, 'dxj', '2023-04-21 16:16:09', '', NULL, NULL), (142, 214, '1', 'dxj4', NULL, 'dxj4', '00', '', '', '0', '', '$2a$10$MsYJi8bLYe5i3LVcAMqsqOSlyadbErRRmdIxXKyZAYY11iUdiky5e', '0', '0', '', NULL, 'admin', '2023-04-21 16:21:33', 'admin', '2023-04-21 16:25:19', NULL), (143, 214, '100', 'sjcs', NULL, '', '00', '', '', '0', '', '$2a$10$JiYqXvGnEyewJiR7WFqOkeS5IHAPNOsUqwA2pvCwe6/H6ROJ3A5PG', '0', '0', '', NULL, 'admin', '2023-04-24 14:14:04', 'admin', '2023-04-24 14:15:07', NULL), (144, NULL, '1', '123', NULL, '13321', '00', '', '', '0', '', '$2a$10$9km6vNJ9qzwQ3F.tv7oLvudyPwlSLE3CUPQwPVWbSeJ9g9jF.Uwbq', '0', '0', '', NULL, 'test_admin', '2023-04-24 17:03:10', '', NULL, NULL), (147, 214, NULL, 'dxj5', NULL, 'dxj5', '00', '', '', '0', '', '$2a$10$wAKm5icsF/NBUYTeP0SNnuOZT99/SYCdg0qJ2nk7mfiqmgGssZJu2', '0', '0', '', NULL, 'dxj', '2023-04-26 09:28:16', 'zy', '2023-04-27 13:59:11', NULL), (148, NULL, '1', '21321321', NULL, '21313', '00', '', '', '0', '', '$2a$10$NRyWU19zUkROYyeayJF40O0HJmJ91MBhHRd/4AYsiPHN05vzR7ICe', '0', '2', '', NULL, 'admin', '2023-04-26 10:39:10', '', NULL, NULL), (149, NULL, '101', 'dxj6', NULL, 'dxj6', '00', '', '', '0', '', '$2a$10$kvWEs7jSiNWDahXOoDA3dOyAk8eSa31dDllYH5iuZIkRPnChgwt.a', '0', '2', '', NULL, 'admin', '2023-04-27 10:56:34', 'admin', '2023-04-27 10:57:18', NULL), (150, NULL, '101', 'dxj7', NULL, 'dxj7', '00', '', '', '0', '', '$2a$10$ZQQKAtThDWXLSXZKT/UAFu4.PuL1wOLBeOHpykfmw0sffuD11OuCy', '0', '0', '', NULL, 'admin', '2023-04-27 10:58:21', 'dxj', '2023-04-27 14:31:58', NULL), (151, 214, '137', 'test', NULL, 'test', '00', '', '', '1', '/profile/avatar/2023/04/28/blob_20230428101834A001.png', '$2a$10$yxgpm/ld1djz1qwmrdTbqOJGD5Zo4iU0/T5EQzxLMjH1XNKDu4dX.', '0', '0', '183.69.244.46', '2023-09-28 18:04:39', 'hxq', '2023-04-27 11:00:02', 'zy', '2023-09-28 18:04:38', NULL), (152, NULL, NULL, 'dxj8', NULL, 'dxj8', '00', '', '', '0', '', '$2a$10$we/m8QiJEEVmhB6Hg5JGveg5Ua0GDbt5XqSiUrUDLzyFurmAV27fq', '0', '2', '', NULL, 'dxj', '2023-04-27 14:48:42', '', NULL, NULL), (153, 106, NULL, 'lala', 'erji', '', '00', 'noname@joinv.cn', '15071219112', '0', '/profile/avatar/2023/07/06/4d71becafc094639bcde2a66d7a81005_20230706185253A001.png', '$2a$10$ta5s/Iy/3vEQezhsa7EXleRcSFrgR3qhY4X8kHkQ4Cg3sNdDIvIFe', '0', '0', '183.69.244.46', '2024-02-27 15:57:18', '', '2023-07-06 18:52:53', 'admin', '2024-03-05 06:55:04', ''), (154, NULL, NULL, 'test2', NULL, 'test2', '00', '', '', '0', '', '$2a$10$P4pImPNSAP9RVuEaWK1OoeOVFwZY9l0rcdkbMkhQqoO55rmbpGnVS', '0', '0', '120.11.22.3', '2023-08-13 12:01:34', 'admin', '2023-07-07 17:38:55', '', '2023-08-13 12:01:33', NULL), (155, 106, NULL, 'qyh', NULL, 'qyh', '00', '', '', '0', '', '$2a$10$wCLOCpE9v.hMYhyLKODK8Ok.FTPAeAibMbXgW2Xjvqljq7R8Y.mHa', '0', '0', '127.0.0.1', '2024-01-22 18:40:09', 'test_admin', '2023-07-11 15:17:59', 'zhangsan', '2024-01-22 18:40:09', NULL), (156, 100, NULL, 'NPC', NULL, '', '00', '', '', '0', '', '$2a$10$LhQuRKoCs.dkOK.G/SAmnuvob9g.eTgFHsztNHsMQPy8U2VqmMXjG', '0', '0', '', NULL, 'zhangsan', '2023-07-24 14:27:21', 'zy', '2023-07-24 15:06:05', NULL), (159, NULL, NULL, 'lala1', NULL, '1', '00', '', '', '0', '', '$2a$10$Q3AnmpuqeCEt32kTXmD4g..9jyFo2SSDshSM2tWPWYVMHvLbw8AOe', '0', '2', '183.69.244.46', '2023-08-15 16:34:20', 'admin', '2023-08-03 10:57:28', '', '2023-08-15 16:34:19', NULL), (160, NULL, NULL, '', NULL, 'wahaha1', '00', '', '', '0', '', '$2a$10$OzS2GG.8MEm.f1ipIr3m3OsjL/dfKQAfMml11fneAC52mXrgZzN42', '0', '2', '183.69.244.46', '2023-08-15 15:35:29', 'lala', '2023-08-15 13:59:32', 'lala', '2023-08-15 15:42:16', NULL), (161, 214, '136,101', 'dxj1111', NULL, '', '00', 'dengxinjing@qq.com', '13357124409', '0', '', '$2a$10$X03nHbVSRz6o4uFwnT1AZe1QCU.7y8u3PmkjnaiXyyGICUJmqHc/.', '0', '2', '', NULL, 'dxj', '2023-08-31 14:17:07', '', NULL, NULL), (167, NULL, NULL, 'zhaosi', NULL, '2123', '00', '', '15927721027', '0', '', '$2a$10$BjS1tnsQ1t7CRZ8s32gFOurOorNjhQxWSu1IPrrTEzumTSCZCOBea', '0', '0', '', NULL, '', '2023-09-26 16:12:23', 'admin', '2024-03-05 06:55:21', '');
COMMIT;

-- ----------------------------
-- Table structure for sys_user_post
-- ----------------------------
DROP TABLE IF EXISTS `sys_user_post`;
CREATE TABLE `sys_user_post`  (
                                  `user_id` bigint NOT NULL COMMENT 'ID',
                                  `post_id` bigint NOT NULL COMMENT 'ID',
                                  PRIMARY KEY (`user_id`, `post_id`) USING BTREE
) ENGINE = InnoDB CHARACTER SET = utf8mb4 COLLATE = utf8mb4_general_ci COMMENT = '';

-- ----------------------------
-- Records of sys_user_post
-- ----------------------------
BEGIN;
INSERT INTO `sys_user_post` (`user_id`, `post_id`) VALUES (137, 1), (137, 2), (137, 3), (137, 4), (140, 1);
COMMIT;

-- ----------------------------
-- Table structure for sys_user_role
-- ----------------------------
DROP TABLE IF EXISTS `sys_user_role`;
CREATE TABLE `sys_user_role`  (
                                  `user_id` bigint NOT NULL COMMENT 'ID',
                                  `role_id` bigint NOT NULL COMMENT 'ID',
                                  PRIMARY KEY (`user_id`, `role_id`) USING BTREE
) ENGINE = InnoDB CHARACTER SET = utf8mb4 COLLATE = utf8mb4_general_ci COMMENT = '';

-- ----------------------------
-- Records of sys_user_role
-- ----------------------------
BEGIN;
INSERT INTO `sys_user_role` (`user_id`, `role_id`) VALUES (100, 109), (100, 111), (101, 107), (101, 109), (101, 111), (129, 107), (129, 109), (129, 111), (132, 109), (134, 109), (136, 109), (137, 109), (137, 111), (139, 109), (140, 107), (140, 109), (140, 111), (143, 107), (151, 110), (153, 109), (153, 111), (155, 109);
COMMIT;

-- ----------------------------
-- Table structure for pmhub_materials_approval_set
-- ----------------------------
CREATE TABLE `pmhub_materials_approval_set` (
                                                `id` varchar(32) NOT NULL,
                                                `type` varchar(32) DEFAULT NULL,
                                                `approved` varchar(10) DEFAULT NULL,
                                                `deployment_id` varchar(64) DEFAULT NULL,
                                                `definition_id` varchar(64) DEFAULT NULL,
                                                `created_by` varchar(64) DEFAULT NULL,
                                                `created_time` datetime DEFAULT NULL,
                                                `updated_by` varchar(64) DEFAULT NULL,
                                                `updated_time` datetime DEFAULT NULL,
                                                `extra_id` varchar(32) DEFAULT NULL,
                                                PRIMARY KEY (`id`) USING BTREE
) ENGINE = InnoDB CHARACTER SET = utf8mb4 COLLATE = utf8mb4_general_ci


SET FOREIGN_KEY_CHECKS = 1;
